-- phpMyAdmin SQL Dump
-- version 3.4.10.1
-- http://www.phpmyadmin.net
--
-- Host: localhost
-- Generation Time: Apr 19, 2012 at 01:09 AM
-- Server version: 5.5.20
-- PHP Version: 5.3.10

SET SQL_MODE="NO_AUTO_VALUE_ON_ZERO";
SET time_zone = "+00:00";


/*!40101 SET @OLD_CHARACTER_SET_CLIENT=@@CHARACTER_SET_CLIENT */;
/*!40101 SET @OLD_CHARACTER_SET_RESULTS=@@CHARACTER_SET_RESULTS */;
/*!40101 SET @OLD_COLLATION_CONNECTION=@@COLLATION_CONNECTION */;
/*!40101 SET NAMES utf8 */;

--
-- Database: `kingscourses`
--

-- --------------------------------------------------------

--
-- Table structure for table `category`
--

CREATE TABLE IF NOT EXISTS `category` (
  `categoryid` int(11) NOT NULL,
  `categoryname` varchar(30) NOT NULL,
  PRIMARY KEY (`categoryid`)
) ENGINE=InnoDB DEFAULT CHARSET=latin1;

--
-- Dumping data for table `category`
--

INSERT INTO `category` (`categoryid`, `categoryname`) VALUES
(0, 'appetizer'),
(1, 'main course'),
(2, 'dessert');

-- --------------------------------------------------------

--
-- Table structure for table `cuisine`
--

CREATE TABLE IF NOT EXISTS `cuisine` (
  `cuisineid` int(11) NOT NULL,
  `name` varchar(75) NOT NULL,
  PRIMARY KEY (`cuisineid`)
) ENGINE=InnoDB DEFAULT CHARSET=latin1;

--
-- Dumping data for table `cuisine`
--

INSERT INTO `cuisine` (`cuisineid`, `name`) VALUES
(1, 'Afghan'),
(2, 'African'),
(3, 'Algerian '),
(4, 'American'),
(5, 'American Chinese '),
(6, 'Andhra'),
(7, 'Apulian'),
(8, 'Arab '),
(9, 'Argentinian'),
(10, 'Armenian'),
(11, 'Asian'),
(12, 'Asian Fusion'),
(13, 'Australian'),
(14, 'Austrian'),
(15, 'Aztec'),
(16, 'Balkan '),
(17, 'Barbecue'),
(18, 'Basque'),
(19, 'Beauvilliers'),
(20, 'Beijing'),
(21, 'Belgian'),
(22, 'Bengali'),
(23, 'Bouchon'),
(24, 'Brasserie'),
(25, 'Brazilian'),
(26, 'British '),
(27, 'Buddhist '),
(28, 'Burmese'),
(29, 'Cajun'),
(30, 'California'),
(31, 'Cambodian'),
(32, 'Canadian'),
(33, 'Cantonese'),
(34, 'Caribbean'),
(35, 'Chifa'),
(36, 'Chilean'),
(37, 'Chinese'),
(38, 'Chinese Islamic '),
(39, 'Chiuchow'),
(40, 'Colombian '),
(41, 'Contemporary'),
(42, 'Continental'),
(43, 'Cuban'),
(44, 'Hong Kong'),
(45, 'New England'),
(46, 'Midwestern United States'),
(47, 'Pennsylvania Dutch'),
(48, 'United States'),
(49, 'Western United States'),
(50, 'Czech'),
(51, 'Dim sum'),
(52, 'Dutch / Belgian'),
(53, 'Eastern European'),
(54, 'Ethiopian'),
(55, 'European'),
(56, 'Filipino'),
(57, 'French'),
(58, 'Fusion'),
(60, 'German'),
(61, 'Goan'),
(62, 'Greek'),
(63, 'Hakka'),
(64, 'Halal'),
(65, 'Haute '),
(66, 'Hawaiian'),
(67, 'Hellasian'),
(68, 'Hunan'),
(69, 'Hungarian'),
(70, 'Incan'),
(71, 'Indian'),
(72, 'Indian Chinese '),
(73, 'Indigenous'),
(74, 'IndoChinese'),
(75, 'Indonesian'),
(76, 'Indonesian Chinese '),
(77, 'International'),
(78, 'Irish'),
(79, 'Israeli'),
(80, 'Italian'),
(81, 'Italian-American '),
(82, 'Jamaican'),
(83, 'Japanese '),
(84, 'Javanese '),
(85, 'Jewish '),
(86, 'Korean'),
(87, 'Korean barbecue'),
(88, 'Latin American'),
(89, 'Lebanese'),
(90, 'Louisiana Creole '),
(91, 'Malaysian'),
(92, 'Medieval '),
(93, 'Mediterranean'),
(94, 'Mexican'),
(95, 'Meze'),
(96, 'Middle Eastern'),
(97, 'Mongolian'),
(98, 'Moroccan'),
(99, 'Native Alaska '),
(100, 'Native American '),
(101, 'Navajo '),
(102, 'Nepalese '),
(103, 'New American '),
(104, 'New Mexican'),
(105, 'New Zealand '),
(106, 'Nonya '),
(107, 'North African'),
(108, 'North American '),
(109, 'Northern Plains Indians '),
(110, 'Nosh'),
(111, 'Pacific Northwest'),
(112, 'Pacific Rim'),
(113, 'Padang '),
(114, 'Pakistani'),
(115, 'Peri Peri'),
(116, 'Persian'),
(117, 'Peruvian'),
(118, 'Polish'),
(119, 'Polynesian'),
(120, 'Portuguese'),
(121, 'Puerto Rican'),
(122, 'Quebec'),
(123, 'Roman'),
(124, 'Romanian'),
(125, 'Russian'),
(126, 'Saimin'),
(127, 'Scandinavian'),
(128, 'Schewa'),
(129, 'Schewan'),
(130, 'Scottish '),
(131, 'Sechwan'),
(132, 'Serbian'),
(133, 'Shanghai'),
(134, 'Shoshone Bannock '),
(135, 'Sicilian'),
(136, 'Singaporean '),
(137, 'Soul food'),
(138, 'South African '),
(139, 'South Indian '),
(140, 'Southeast Asian'),
(141, 'Southern United States'),
(142, 'Southwestern United States'),
(143, 'Spanish '),
(144, 'Sundanese '),
(145, 'Swiss'),
(146, 'Szechuan'),
(147, 'Taiwanese'),
(148, 'Tamil'),
(149, 'Tapas'),
(150, 'Tatar'),
(151, 'Tex-Mex'),
(152, 'Thai'),
(153, 'Tibetan'),
(154, 'Tongan'),
(155, 'Trentino-Alto Adige'),
(156, 'Tunisian'),
(157, 'Turkish'),
(158, 'Tuscan'),
(159, 'Udupi '),
(160, 'Ukrainian'),
(161, 'Vietnamese'),
(162, 'Welsh '),
(163, 'White Mountain Apache Tribe '),
(164, 'Yunnan ');

-- --------------------------------------------------------

--
-- Table structure for table `diet`
--

CREATE TABLE IF NOT EXISTS `diet` (
  `dietid` int(11) NOT NULL AUTO_INCREMENT,
  `name` varchar(75) NOT NULL,
  PRIMARY KEY (`dietid`)
) ENGINE=InnoDB  DEFAULT CHARSET=latin1 AUTO_INCREMENT=13 ;

--
-- Dumping data for table `diet`
--

INSERT INTO `diet` (`dietid`, `name`) VALUES
(1, 'Ovo vegetarianism'),
(4, 'Halal'),
(9, 'Vegan'),
(10, 'Vegetarian'),
(11, 'Kosher'),
(12, 'Gluten-free diet');

-- --------------------------------------------------------

--
-- Table structure for table `dish`
--

CREATE TABLE IF NOT EXISTS `dish` (
  `dishid` int(11) NOT NULL AUTO_INCREMENT,
  `name` varchar(100) NOT NULL,
  `categoryid` int(11) NOT NULL,
  PRIMARY KEY (`dishid`),
  KEY `categoryid` (`categoryid`)
) ENGINE=InnoDB  DEFAULT CHARSET=latin1 AUTO_INCREMENT=2434 ;

--
-- Dumping data for table `dish`
--

INSERT INTO `dish` (`dishid`, `name`, `categoryid`) VALUES
(1, 'Peanut butter and jelly sandwich', 1),
(2, 'Philadelphia Pepper Pot', 1),
(3, 'Waldorf salad', 0),
(4, 'Green bean casserole', 1),
(5, 'Corn dog', 0),
(6, 'Creamed corn', 0),
(7, 'Crab Louie', 1),
(8, 'Sundae', 2),
(9, 'Grilled Kobe Meatloaf', 1),
(10, 'Pecan pie', 2),
(11, 'Meatloaf', 1),
(12, 'Chocolate brownie', 2),
(13, 'Turducken', 1),
(14, 'Oatmeal-Raisin Cookies', 2),
(15, 'Girl Scout cookie', 2),
(16, 'Pumpkin pie', 2),
(17, 'Chow mein sandwich', 1),
(18, 'Sesame Chicken', 1),
(19, 'Fortune cookie', 2),
(20, 'Moo shu pork', 1),
(21, 'Egg foo young', 1),
(22, 'General Tso''s chicken', 1),
(23, 'Chop suey', 1),
(24, 'Chow mein', 1),
(25, 'Hamburger', 1),
(26, 'Apple pie', 2),
(27, 'Verze in umido con ricotta forte', 1),
(28, 'Raw sea urchins', 1),
(29, 'Ncrappiata', 1),
(30, 'Cartellate', 2),
(31, 'Burrata', 0),
(32, 'Riso patate e cozze', 1),
(33, 'Polpo in umido con cipolle', 1),
(34, 'Parmigiana', 1),
(35, 'Gata', 2),
(36, 'Matagh', 1),
(37, 'Lahmacun', 1),
(38, 'Za''atar', 0),
(41, 'Armenian soups', 0),
(43, 'Common whitefish', 1),
(44, 'Harissa', 0),
(46, 'Satsivi', 0),
(47, 'Ghapama', 1),
(49, 'Nshkhar', 0),
(50, 'Khash', 0),
(51, 'Eetch', 0),
(53, 'Matnakash', 0),
(54, 'Sevan trout', 1),
(55, 'Sevan khramulya', 1),
(56, 'Kashkak', 0),
(57, 'Soujouk', 1),
(58, 'Moussaka', 1),
(59, 'Burek', 1),
(61, 'Pita', 0),
(62, 'Baklava', 2),
(63, 'Kadaif', 2),
(64, 'Fattoush', 0),
(65, 'Dolma', 0),
(66, 'Kebab', 1),
(68, 'Turkish Delight', 2),
(69, 'Cheoreg', 0),
(70, 'Tarhana', 0),
(71, 'Wonton Soup', 0),
(72, 'Egg roll', 0),
(73, 'Malida', 2),
(74, 'Weet-Bix', 0),
(76, 'Hot dog', 1),
(77, 'Corn on the cob', 0),
(78, 'Bratwurst', 1),
(79, 'French fries', 0),
(80, 'Pie and mash', 1),
(81, 'Jellied eels', 1),
(82, 'Bangers and mash', 1),
(83, 'Cumberland sausage', 1),
(84, 'Queen of Puddings', 2),
(85, 'Lancashire Hotpot', 1),
(86, 'Cauliflower cheese', 0),
(87, 'Pork pie', 1),
(88, 'Spotted dick', 1),
(89, 'Syllabub', 2),
(90, 'Hash', 1),
(91, 'Custard', 2),
(92, 'Steak and kidney pie', 1),
(93, 'Christmas pudding', 2),
(94, 'Treacle tart', 2),
(95, 'Fish and chips', 1),
(96, 'Banoffee pie', 2),
(97, 'Lincolnshire sausage', 1),
(98, 'Toad in the hole', 1),
(99, 'Stargazy pie', 1),
(100, 'Sunday roast', 1),
(101, 'Trifle', 2),
(102, 'Bubble and squeak', 1),
(103, 'Shepherd''s pie', 1),
(104, 'Sticky toffee pudding', 2),
(105, 'Bread and butter pudding', 2),
(106, 'Knickerbocker glory', 2),
(107, 'Yorkshire pudding', 2),
(108, 'Full breakfast', 1),
(109, 'Mince pie', 2),
(110, 'Bakewell tart', 2),
(111, 'Clotted cream', 2),
(113, 'Pasty', 2),
(115, 'Scouse', 1),
(116, 'Mohinga', 0),
(117, 'Jambalaya', 1),
(118, 'Gumbo', 1),
(119, 'Bisque', 0),
(120, 'Sankya Lapov', 2),
(121, 'Samlar machu', 0),
(122, 'Amok trey', 1),
(123, 'Bai cha', 0),
(124, 'Kuyteav', 0),
(125, 'Balut', 0),
(126, 'Fried noodles', 0),
(127, 'Prawn ball', 0),
(128, 'Shaobing', 0),
(129, 'Lo mein', 1),
(130, 'Tong Sui', 2),
(131, 'Chinese noodles', 0),
(132, 'Pancake', 1),
(133, 'Peking Duck', 1),
(134, 'Mooncake', 2),
(135, 'Zongzi', 0),
(136, 'Sweet and sour pork', 1),
(138, 'Soy egg', 0),
(139, 'Dim sum', 1),
(140, 'Twice Cooked Pork', 1),
(141, 'Wenchang chicken', 1),
(142, 'Zhajiang mian', 1),
(143, 'Xiaolongbao', 0),
(144, 'Baozi', 0),
(145, 'Mantou', 0),
(146, 'Kung Pao chicken', 1),
(147, 'Wonton', 0),
(148, 'Stinky tofu', 1),
(149, 'Tea egg', 0),
(150, 'Rice congee', 1),
(151, 'Jiaozi', 1),
(152, 'Boliche', 1),
(153, 'Egg tart', 2),
(154, 'Bakkwa', 1),
(156, 'Poon choi', 1),
(157, 'Crispy fried chicken', 1),
(158, 'Lai fun', 1),
(159, 'Rice noodle roll', 0),
(161, 'Rousong', 1),
(162, 'Taro dumpling', 0),
(163, 'Lap cheung', 1),
(164, 'Bird''s nest soup', 0),
(165, 'Nuomizi', 2),
(166, 'Biscuit roll', 0),
(170, 'White sugar sponge cake', 2),
(171, 'Ding Ding Tong', 2),
(172, 'Hoi sam', 1),
(174, 'Cream bun', 2),
(175, 'Cha Siu Baau', 0),
(176, 'Saang mein', 1),
(177, 'Coconut bar', 2),
(178, 'Pineapple bun', 2),
(179, 'Water chestnut cake', 2),
(180, 'Peanut butter bun', 2),
(181, 'Jin deui', 0),
(183, 'Egg Puffs', 0),
(184, 'Tofu skin roll', 1),
(185, 'Taro cake', 2),
(186, 'Fish slice', 1),
(187, 'Ham and egg bun', 0),
(188, 'White cut chicken', 1),
(189, 'Swiss Wing', 1),
(191, 'Roasted pig', 1),
(193, 'Haw flakes', 2),
(194, 'Sausage bun', 0),
(196, 'Butzaigo', 0),
(197, 'Chinese sausage', 1),
(198, 'Sweet heart cake', 0),
(199, 'Got fan', 0),
(202, 'Flame on the Iceberg', 2),
(203, 'Dry-fried beef with hefen', 1),
(206, 'Almond biscuit', 2),
(208, 'Bao yu', 1),
(209, 'Beef ball', 1),
(210, 'Banana roll', 2),
(211, 'Paper wrapped cake', 2),
(212, 'Beef bun', 0),
(213, 'Fish ball', 0),
(214, 'Steamed meatball', 0),
(215, 'Jerky', 0),
(216, 'Cocktail bun', 0),
(218, 'Siu mei', 1),
(219, 'Buddha''s delight', 1),
(220, 'Dried shredded squid', 1),
(221, 'Almond jelly', 2),
(222, 'Fried clams', 1),
(223, 'Cookie salad', 2),
(224, 'Glorified rice', 0),
(225, 'Snickers salad', 2),
(226, 'Pistachio salad', 2),
(227, 'Nata de coco', 2),
(228, 'Pinangat', 1),
(229, 'Pan de coco', 0),
(230, 'Halo-halo', 2),
(231, 'Mami Soup', 0),
(232, 'Dodol', 2),
(234, 'Tinola', 0),
(235, 'Kare-kare', 1),
(236, 'Burong mangga', 0),
(237, 'Tokwa at baboy', 1),
(238, 'Bicol Express', 1),
(239, 'Pares', 1),
(240, 'Kalamay', 2),
(241, 'Sisig', 1),
(242, 'Kesong puti', 0),
(246, 'Misua', 0),
(247, 'Sorbetes', 2),
(248, 'Otap', 2),
(249, 'Pancit', 0),
(250, 'Pescado frito', 1),
(251, 'Puto', 0),
(252, 'Buko pie', 2),
(253, 'Batchoy', 0),
(256, 'Arroz Caldo', 1),
(258, 'Pancit estacion', 0),
(259, 'Bopis', 1),
(260, 'Espasol', 0),
(261, 'Tosino', 1),
(262, 'Asocena', 1),
(263, 'Dinuguan', 1),
(264, 'Pig roast', 1),
(265, 'Oil noodle', 1),
(267, 'Lomi', 1),
(268, 'Tinapa', 1),
(269, 'Inipit', 2),
(270, 'Embutido', 1),
(271, 'Ginataan', 1),
(272, 'Bukayo', 2),
(274, 'Soup Number Five', 0),
(275, 'Suman', 0),
(276, 'Tapa', 0),
(278, 'Mechado', 1),
(281, 'Isaw', 1),
(282, 'Arroz a la valenciana', 1),
(286, 'Siopao', 0),
(287, 'Ensalada', 0),
(288, 'Champorado', 0),
(291, 'Pinakbet', 1),
(292, 'Biskotso', 0),
(293, 'Bistek', 1),
(295, 'Taho', 2),
(296, 'Hopia', 0),
(297, 'Lomo', 1),
(298, 'Dinengdeng', 0),
(299, 'Kaldereta', 1),
(300, 'Palitaw', 2),
(301, 'Belekoy', 2),
(302, 'Sinigang', 0),
(303, 'Edam', 0),
(304, 'Pandesal', 0),
(307, 'Hot and sour soup', 0),
(309, 'Pancit Malabon', 1),
(310, 'Escabeche', 1),
(311, 'Lumpia', 0),
(312, 'Satay', 1),
(313, 'Menudo', 1),
(314, 'Picadillo', 1),
(316, 'Longaniza', 1),
(317, 'Mousse', 2),
(318, 'Kornigou', 2),
(320, 'Raclette', 0),
(321, 'Bayonne ham', 1),
(324, 'Tournedos Rossini', 1),
(326, 'Fondue', 2),
(327, 'Beef Bourguignon', 1),
(329, 'Navarin', 1),
(331, 'Lobster Thermidor', 1),
(341, 'Lardon', 1),
(342, 'Boudin', 1),
(343, 'Flamiche', 1),
(344, 'Hachis Parmentier', 1),
(345, 'Chantilly cream', 2),
(348, 'Garbure', 1),
(352, 'Sugar pie', 2),
(353, 'Baeckeoffe', 1),
(355, 'Aligot', 0),
(356, 'Ganzeltopf', 1),
(358, 'Ratatouille', 1),
(361, 'Lyonnaise Potatoes', 1),
(362, 'Andouillette', 1),
(366, 'Truffade', 1),
(367, 'Alicot', 1),
(368, 'Pot-au-feu', 1),
(370, 'Poularde Albufera', 1),
(375, 'Galantine', 1),
(376, 'Escargots', 0),
(379, 'Caviar', 0),
(380, 'Socca', 0),
(382, 'Mille-feuille', 2),
(383, 'Cassolette', 1),
(384, 'Frog legs', 0),
(385, 'Verrine', 2),
(386, 'Pommes Dauphines', 0),
(387, 'Morteau Sausage', 1),
(388, 'Cream puff', 2),
(389, 'Mojette beans', 0),
(390, 'Cougnou', 0),
(391, 'Tartiflette', 1),
(392, 'Quiche', 1),
(393, 'Cervelle de canut', 0),
(394, 'Choucroute garnie', 1),
(395, 'Traou Mad', 0),
(396, 'Beignet', 2),
(397, 'Baguette', 0),
(399, 'Le Tourin', 0),
(400, 'Vichyssoise', 0),
(402, 'Oille', 0),
(404, 'King cake', 1),
(406, 'Steak au poivre', 1),
(407, 'Pistou', 0),
(409, 'Jambonette', 1),
(411, 'Confit', 1),
(412, 'Diots', 1),
(413, 'Gratin dauphinois', 1),
(415, 'Fritelli', 2),
(416, 'Daube', 1),
(417, 'Rillettes', 1),
(420, 'Blanquette de veau', 1),
(421, 'Cervelle de Veau', 1),
(422, 'Poulet au fromage', 1),
(423, 'Tarte tatin', 2),
(424, 'Coq au vin', 1),
(425, 'Pressed duck', 1),
(428, 'Biscuit rose de Reims', 0),
(430, 'Salmis', 1),
(432, 'Calf''s brains', 1),
(433, 'Rum baba', 2),
(434, 'Barbajuan', 0),
(435, 'Bredela', 0),
(436, 'Brandade', 1),
(437, 'French onion soup', 0),
(439, 'Steak de Venaison', 1),
(441, 'Bouillabaisse', 1),
(443, 'Duck confit', 1),
(445, 'Paris-Brest', 2),
(446, 'Ganache', 2),
(448, 'Ladyfinger', 2),
(451, 'Tripoux', 1),
(453, 'Croque-monsieur', 1),
(455, 'Tournedos', 1),
(456, 'Steak frites', 1),
(457, 'Tart', 2),
(459, 'Anna potatoes', 1),
(462, 'Russian salad', 0),
(463, 'Ice cream cone', 2),
(464, 'Cassoulet', 1),
(465, 'Pan-bagnat', 1),
(467, 'Chiboust cream', 2),
(470, 'Quenelle', 0),
(472, 'Madeleine', 2),
(473, 'Crepes', 1),
(474, 'Mashed potato', 0),
(475, 'Chicken Marengo', 1),
(476, 'Roulade', 1),
(479, 'Quince cheese', 0),
(480, 'Blancmange', 2),
(482, 'Kuchen', 2),
(483, 'Rinderbraten', 1),
(485, 'Springerle', 0),
(486, 'Currywurst', 1),
(489, 'Dominostein', 2),
(490, 'Potato salad', 0),
(491, 'Stollen', 2),
(492, 'Liverwurst', 1),
(493, 'Knackwurst', 1),
(495, 'Black Forest ham', 1),
(496, 'Leipziger Allerlei', 1),
(497, 'Eisbein', 1),
(498, 'Zwiebelkuchen', 1),
(500, 'Kassler', 1),
(501, 'Pickled pigs feet', 1),
(502, 'Obatzda', 0),
(503, 'Bregenwurst', 1),
(504, 'Sauerbraten', 1),
(505, 'Gelbwurst', 1),
(506, 'Streuselkuchen', 2),
(507, 'Baumkuchen', 2),
(509, 'Berliner', 2),
(510, 'Hendl', 1),
(511, 'Black Forest gateau', 2),
(513, 'Dampfnudel', 2),
(514, 'Gaisburger Marsch', 1),
(515, 'Pickert', 0),
(517, 'Bremer Klaben', 2),
(518, 'Hasenpfeffer', 1),
(519, 'Bockwurst', 1),
(520, 'Aachener Printen', 0),
(522, 'Beerwurst', 1),
(523, 'Pretzel', 0),
(525, 'Wibele', 2),
(526, 'Prinzregententorte', 2),
(527, 'Himmel und erde', 1),
(529, 'Spanferkel', 1),
(530, 'Hefekranz', 1),
(531, 'Jagdwurst', 1),
(532, 'Fasnachts', 2),
(533, 'Bavarian cream', 2),
(534, 'Mettwurst', 1),
(535, 'Labskaus', 1),
(536, 'Zwieback', 0),
(538, 'Toast Hawaii', 1),
(539, 'Saumagen', 1),
(541, 'Pumpernickel', 0),
(542, 'Kottenbutter', 1),
(544, 'Streusel', 2),
(545, 'Teewurst', 1),
(546, 'Schweinhaxen', 1),
(547, 'Lebkuchen', 2),
(549, 'Lye roll', 0),
(550, 'Vanillerostbraten', 1),
(551, 'Blood sausage', 1),
(552, 'Roasted goose', 1),
(553, 'Fleischnacka', 1),
(554, 'Gugelhupf', 1),
(555, 'Rouladen', 1),
(556, 'Maultasche', 0),
(557, 'Blintz', 0),
(558, 'Bagel', 0),
(559, 'Bebinca', 2),
(560, 'Galaktoboureko', 2),
(561, 'Shkembe chorba', 0),
(562, 'Tzatziki', 0),
(564, 'Magiritsa', 1),
(565, 'Gyros', 1),
(566, 'Moustalevria', 2),
(567, 'Spanakopita', 2),
(568, 'Faki soupa', 0),
(569, 'Lazarakia', 0),
(570, 'Koulourakia', 2),
(571, 'Souvlaki', 1),
(573, 'Tyropita', 1),
(574, 'Pastitsio', 1),
(575, 'Greek salad', 0),
(576, 'Kourabiedes', 2),
(577, 'Vasilopita', 2),
(578, 'Psarosoupa', 0),
(579, 'Fassoulada', 0),
(580, 'Sarma', 1),
(581, 'Loukoumas', 2),
(582, 'Tsoureki', 0),
(584, 'Bejgli', 0),
(585, 'Palatschinken', 1),
(586, 'Kurtoskalacs', 2),
(587, 'Szaloncukor', 2),
(588, 'Dobos Cake', 2),
(589, 'Kaiserschmarrn', 2),
(590, 'Debrecener', 1),
(591, 'Linzer torte', 2),
(592, 'Rigo Jancsi', 2),
(593, 'Strudel', 2),
(595, 'Kifli', 0),
(596, 'Swiss roll', 2),
(597, 'Pecsenye', 1),
(598, 'Hideg meggyleves', 0),
(599, 'Vanillekipferl', 2),
(600, 'Liptauer', 0),
(601, 'Punjena paprika', 1),
(602, 'Deviled egg', 0),
(603, 'Shlishkes', 1),
(604, 'Goulash', 1),
(606, 'Cafreal', 1),
(608, 'Shami kebab', 1),
(611, 'Pakhal', 1),
(612, 'Kadhi', 1),
(615, 'Dal biji', 0),
(617, 'Chola bhatura', 1),
(618, 'Murabba', 0),
(620, 'Pudachi Vadi', 0),
(622, 'Pathiri', 1),
(624, 'Chicken Tikka', 1),
(626, 'Molagoottal', 1),
(627, 'Sevai', 1),
(628, 'Chakkoli', 1),
(629, 'Chakna', 1),
(630, 'Nihari', 1),
(631, 'Phaal', 1),
(633, 'Kootu', 1),
(637, 'Poriyal', 1),
(639, 'Bisi Bele Bath', 1),
(640, 'Rice and curry', 1),
(641, 'Patra', 1),
(642, 'Masaladosa', 1),
(643, 'Dopiaza', 1),
(644, 'Chikkolee', 0),
(645, 'Bengal potatoes', 0),
(646, 'Panjiri', 2),
(648, 'Indian Omelette', 1),
(649, 'Appam', 0),
(650, 'Butter chicken', 1),
(651, 'Gulai', 1),
(652, 'Chana masala', 1),
(654, 'Rogan Josh', 1),
(655, 'Bhelpuri', 0),
(656, 'Panipuri', 0),
(657, 'Goat roti', 1),
(659, 'Haleem', 1),
(660, 'Banana leaf rice', 1),
(661, 'Bombay mix', 0),
(662, 'Chicken Madras', 1),
(663, 'Pulihora', 1),
(664, 'Pakora', 0),
(665, 'Bhujia', 0),
(667, 'Panta bhat', 1),
(668, 'Kanjika', 1),
(669, 'Keema', 1),
(671, 'Khichra', 1),
(674, 'Saffron rice', 1),
(675, 'Churri', 1),
(676, 'Paratha', 0),
(677, 'Khatkhate', 1),
(678, 'Dhansak', 1),
(679, 'Hyderabadi haleem', 1),
(681, 'Lobia', 1),
(682, 'Aloo pie', 1),
(683, 'Chaat', 0),
(685, 'Pav bhaji', 1),
(686, 'Hyderabad Biryani', 1),
(687, 'Kori Rotti', 0),
(688, 'Dahi chutney', 0),
(689, 'Chole bhature', 1),
(690, 'Kachori', 0),
(691, 'Curry chicken', 1),
(692, 'Murukku', 0),
(693, 'Puttu', 1),
(694, 'Double ka Meetha', 2),
(696, 'Ragda pattice', 1),
(697, 'Pantua', 2),
(699, 'Samosa', 0),
(701, 'Chicken Tikka Masala', 1),
(702, 'Saag', 0),
(703, 'Baghara baingan', 1),
(705, 'Ghugni', 0),
(707, 'Aloo gobi', 1),
(708, 'Mattar Paneer', 1),
(710, 'Biryani', 1),
(712, 'Puri', 0),
(713, 'Kalathappam', 1),
(714, 'Siri paya', 1),
(718, 'Akuri', 1),
(719, 'Kombdi vade', 1),
(721, 'Santhakai', 1),
(722, 'Gavvalu', 2),
(723, 'Manchow soup', 0),
(724, 'Naan', 0),
(725, 'Dal makhani', 1),
(726, 'Kerala porotta', 0),
(727, 'Inri appam', 1),
(728, 'Dahi vada', 1),
(729, 'Muthia', 1),
(730, 'Dal Baati', 1),
(731, 'Chicken lollipop', 1),
(732, 'Jalfrezi', 1),
(733, 'Pongal', 1),
(734, 'Egg bhurji', 1),
(735, 'Pasanda', 1),
(736, 'Mangalorean Bangude Masala', 1),
(737, 'Dahi puri', 0),
(738, 'Koottukari', 1),
(739, 'Khichdi', 1),
(740, 'Chippi appam', 0),
(743, 'Aam papad', 0),
(744, 'Mirchi ka salan', 1),
(745, 'Mirchi Bada', 0),
(746, 'Chakri noodles', 0),
(749, 'Chicken 65', 1),
(750, 'Gosht', 1),
(751, 'Papri Chaat', 0),
(752, 'Sev mamra', 0),
(753, 'Puliyogare', 0),
(754, 'Santula', 1),
(755, 'Jalebi', 2),
(756, 'Jhunka', 1),
(759, 'Bagara khana', 1),
(760, 'Shankarpali', 0),
(762, 'Pashti', 0),
(763, 'Korma', 1),
(764, 'Pilaf', 1),
(765, 'Patrode', 1),
(766, 'Papadum', 0),
(767, 'Sambar', 1),
(768, 'Mangalore Bajji', 0),
(769, 'Rasam', 0),
(770, 'Pisang goreng', 0),
(772, 'Nasi kuning', 1),
(773, 'Bakpia Pathok', 0),
(774, 'Spekkoek', 2),
(775, 'Nasi campur', 1),
(776, 'Soto', 0),
(777, 'Wingko', 0),
(778, 'Kolak', 2),
(779, 'Es kacang hijau', 2),
(780, 'Gudeg', 1),
(781, 'Klepon', 0),
(783, 'Pempek', 1),
(784, 'Tumpeng', 1),
(785, 'Bakmi', 1),
(787, 'Soto Babat', 1),
(788, 'Betutu', 1),
(789, 'Rambak petis', 0),
(790, 'Swikee', 0),
(791, 'Sate kambing', 1),
(792, 'Capcay', 1),
(794, 'Murtabak', 0),
(795, 'Soto ayam', 0),
(796, 'Lontong', 1),
(797, 'Gado-gado', 1),
(798, 'Somay/Siomay', 1),
(799, 'Chendol', 2),
(800, 'Karedok', 0),
(801, 'Irish stew', 1),
(802, 'Insalata Caprese', 0),
(803, 'Pastina', 1),
(804, 'Arrosticini', 1),
(805, 'Pelmeni', 1),
(806, 'Polenta', 1),
(807, 'Ricciarelli', 0),
(808, 'Frico', 0),
(810, 'Slinzega', 1),
(811, 'Nduja', 1),
(812, 'Galani', 2),
(813, 'Biga', 0),
(816, 'Zuppa Inglese', 2),
(817, 'Frittole', 1),
(818, 'Tripoline', 1),
(819, 'Bertolli', 1),
(820, 'Minestrone', 0),
(824, 'Rigatoni alla Pajata', 1),
(825, 'Acini di pepe', 1),
(828, 'Sugoli', 2),
(830, 'Stracciatella', 0),
(831, 'Calzone', 1),
(832, 'Bomboloni', 2),
(833, 'Bruccellati', 2),
(836, 'Acqua pazza', 1),
(838, 'Ciambotta', 0),
(839, 'Biscotti di Regina', 2),
(840, 'Pecorino Siciliano', 0),
(843, 'Pane carasau', 0),
(845, 'Taglierini', 1),
(847, 'Bigoli', 1),
(849, 'Lardo', 1),
(850, 'Zabaglione', 2),
(851, 'Saltimbocca', 1),
(854, 'Cannoli', 2),
(855, 'Fagottini', 1),
(856, 'Egg barley', 1),
(857, 'Antipasto', 0),
(858, 'Ptitim', 1),
(860, 'Coda alla vaccinara', 1),
(862, 'Ciabatta', 0),
(863, 'Sponge cake', 2),
(865, 'Hamburger Helper', 1),
(866, 'Mezzelune', 1),
(867, 'Tartufo', 2),
(868, 'Scialatelli', 1),
(869, 'Cotoletta', 1),
(870, 'Semifreddo', 2),
(872, 'Soup alla Canavese', 0),
(873, 'Clams oreganata', 1),
(876, 'Ciccioli', 1),
(877, 'Istrian Stew', 1),
(878, 'Pandoro', 2),
(880, 'Panelle', 0),
(881, 'Biroldo', 1),
(882, 'Pignolata', 2),
(883, 'Mafalde', 1),
(885, 'Focaccia', 0),
(886, 'Bruschetta', 0),
(888, 'Italian ice', 2),
(889, 'Osso buco', 1),
(890, 'Passatelli', 1),
(892, 'Chiccetti', 0),
(893, 'Panforte', 2),
(894, 'Kraft Dinner', 1),
(896, 'Crostata', 2),
(900, 'Pagliata', 1),
(901, 'Valle d''Aosta Lard d''Arnad', 1),
(902, 'Gocciole', 0),
(903, 'Panna cotta', 2),
(904, 'Struffoli', 2),
(905, 'Risotto', 1),
(907, 'Pastiera', 2),
(908, 'Soup alla Modanese', 0),
(909, 'Cavatappi', 1),
(911, 'Frutti di Bosco', 2),
(912, 'Vitello tonnato', 1),
(914, 'Carpaccio', 1),
(915, 'Tortelloni', 1),
(916, 'Prosciutto', 1),
(917, 'Casunziei', 1),
(918, 'Farinata', 0),
(920, 'Rotini', 1),
(922, 'Ravioli', 1),
(923, 'Fettuccine alfredo', 1),
(924, 'Corzetti', 1),
(927, 'Scaloppine', 1),
(928, 'Chicken marsala', 1),
(929, 'Crudo', 1),
(930, 'Capicola', 1),
(931, 'Pasta Puttanesca', 1),
(932, 'Frittula', 1),
(933, 'Tiramisu', 2),
(934, 'Cuccidati', 2),
(935, 'Lasagnette', 1),
(937, 'Tubetti', 1),
(938, 'Sopressata', 1),
(939, 'Rollatini', 0),
(943, 'Fragguno', 0),
(944, 'Pizza', 1),
(945, 'Scacciata', 1),
(946, 'Panzanella', 0),
(947, 'Garlic bread', 0),
(948, 'Mortadella', 1),
(950, 'Gianchetti', 1),
(951, 'Lasagna', 1),
(952, 'Piccata', 1),
(953, 'Gnocchi', 1),
(954, 'Arancini', 0),
(955, 'Carne al piatto', 1),
(956, 'Chicken piccata', 1),
(957, 'Piadina', 0),
(958, 'Salami', 1),
(959, 'Breadstick', 0),
(960, 'Muffuletta', 0),
(961, 'Pillus', 1),
(963, 'Penne alla vodka', 1),
(964, 'Panino', 1),
(965, 'Caciocavallo', 0),
(966, 'Aglio e Olio', 1),
(967, 'Torta caprese', 2),
(968, 'Casoncelli', 1),
(970, 'Gemelli pasta', 1),
(973, 'Ventricina', 1),
(974, 'Zeppole', 2),
(977, 'Timballo', 1),
(978, 'Panettone', 0),
(981, 'Sugo all''amatriciana', 1),
(982, 'Ciarduna', 2),
(983, 'Colomba Pasquale', 2),
(984, 'Sacchettoni', 1),
(985, 'Lemon Chicken', 1),
(986, 'Ciauscolo', 1),
(987, 'Caponata', 1),
(988, 'Pasta Pomodoro', 1),
(990, 'Biscuit Tortoni', 2),
(991, 'Stringozzi', 1),
(992, 'Bavette', 1),
(993, 'Pasta fagioli', 1),
(994, 'Ciambella', 2),
(995, 'Zippuli', 2),
(996, 'Granita', 2),
(997, 'Bagna Cauda', 0),
(998, 'Spumoni', 2),
(999, 'Sagnarelli', 1),
(1003, 'Cassata', 2),
(1004, 'Bottarga', 0),
(1005, 'Pasta with pancetta', 1),
(1006, 'Coppia Ferrarese', 0),
(1008, 'Bagnun', 0),
(1009, 'Frittata', 1),
(1011, 'Cotechino Modena', 1),
(1012, 'Buccellato', 2),
(1014, 'Chiacchiere', 2),
(1015, 'Tramezzino', 0),
(1016, 'Ribollita', 0),
(1018, 'Genoa salami', 1),
(1019, 'Pizzelle', 2),
(1020, 'Neapolitan ice cream', 2),
(1021, 'Florentine Biscuit', 0),
(1022, 'Porchetta', 1),
(1025, 'Lampredotto', 1),
(1026, 'Linguettine', 1),
(1027, 'Sfogliatelle', 2),
(1028, 'Bresaola', 1),
(1029, 'Grattachecca', 2),
(1030, 'Gelato', 2),
(1032, 'Sicilian pizza', 1),
(1033, 'Montasio', 0),
(1035, 'Soup all''Imperatrice', 0),
(1036, 'Cacciatore', 1),
(1037, 'Biscotti', 0),
(1038, 'Braciole', 0),
(1040, 'Zuccotto', 2),
(1042, 'Fra diavolo', 1),
(1043, 'Cacciucco', 1),
(1045, 'SpaghettiOs', 1),
(1047, 'Taralli', 0),
(1048, 'Sopressa', 1),
(1049, 'Tomato pie', 1),
(1050, 'Sardenara', 0),
(1053, 'Cavallucci', 2),
(1056, 'Panada', 0),
(1057, 'Panzerotti', 0),
(1058, 'Mussels au gratin', 1),
(1059, 'Ice cream', 2),
(1060, 'Speck', 1),
(1061, 'Apfelstrudel', 2),
(1062, 'Giri choco', 2),
(1063, 'Takuan', 0),
(1064, 'Ikayaki', 1),
(1065, 'Kakigori', 2),
(1067, 'Ikizukuri', 1),
(1069, 'Zoni soup', 0),
(1070, 'Kompeito', 2),
(1071, 'Tamago kake gohan', 1),
(1072, 'Tempura', 1),
(1074, 'Korokke', 1),
(1075, 'Hayashi rice', 1),
(1077, 'Sushi', 1),
(1079, 'Butajiru', 0),
(1081, 'California roll', 1),
(1082, 'Shizuoka oden', 1),
(1083, 'Unagi', 1),
(1084, 'Gyudon', 1),
(1085, 'Mushimono', 1),
(1087, 'Menchi katsu', 1),
(1088, 'Tsukudani', 0),
(1089, 'Yakimochi', 0),
(1090, 'Takoyaki', 1),
(1093, 'Gyutan', 1),
(1097, 'Sashimi', 1),
(1098, 'Kasuzuke', 1),
(1099, 'Hiyashi chuka', 1),
(1100, 'Sukiyaki', 1),
(1101, 'Okazu', 0),
(1102, 'Tonburi', 0),
(1103, 'Motsunabe', 1),
(1105, 'Miyagegashi', 2),
(1106, 'Uiro', 2),
(1107, 'Oyakodon', 1),
(1108, 'Karasumi', 1),
(1109, 'Tonkatsu', 1),
(1111, 'Wappameshi', 1),
(1118, 'Chikuwa', 1),
(1119, 'Tataki', 1),
(1122, 'Unadon', 1),
(1123, 'Red Bean Rice', 1),
(1125, 'Yakisoba', 1),
(1126, 'Yakitori', 1),
(1127, 'Spam musubi', 0),
(1129, 'Imagawayaki', 2),
(1130, 'Jingisukan', 1),
(1132, 'Pig''s ear', 1),
(1134, 'Monjayaki', 1),
(1135, 'Ganmodoki', 0),
(1136, 'Takikomi gohan', 1),
(1137, 'Botamochi', 2),
(1138, 'Champon', 1),
(1139, 'Tekkadon', 1),
(1142, 'Okonomiyaki', 1),
(1143, 'Rui-be', 1),
(1146, 'Chankonabe', 1),
(1147, 'Ankimo', 1),
(1150, 'Amanatto', 2),
(1151, 'Imoni', 0),
(1153, 'Zosui', 0),
(1154, 'Satsuma age', 0),
(1155, 'Blue-backed fish', 1),
(1156, 'Tamagoyaki', 1),
(1157, 'Kabayaki', 1),
(1158, 'Naporitan', 1),
(1159, 'Wappani', 0),
(1161, 'Namasu', 1),
(1163, 'Kamameshi', 1),
(1164, 'Oshiruko', 2),
(1165, 'Kakuni', 1),
(1166, 'Matsuzaka beef', 1),
(1167, 'Fugu', 1),
(1168, 'Castella', 2),
(1169, 'Yaki udon', 1),
(1170, 'Kushikatsu', 1),
(1172, 'Taiyaki', 2),
(1173, 'Akashiyaki', 0),
(1176, 'Anpan', 0),
(1177, 'Ebi Chili', 1),
(1178, 'Higashi', 2),
(1180, 'Tsukemono', 0),
(1181, 'Nabemono', 1),
(1182, 'Agedashi tofu', 1),
(1185, 'Hiyayakko', 1),
(1186, 'Pacific saury', 1),
(1189, 'Negimaki', 1),
(1193, 'Okinawa soba', 0),
(1194, 'Shoronpo', 0),
(1195, 'Chicken Tatsuta', 1),
(1197, 'Instant noodles', 1),
(1198, 'Ochazuke', 0),
(1199, 'Katsudon', 1),
(1200, 'Salisbury steak', 1),
(1201, 'Yakiniku', 1),
(1202, 'Kiritanpo', 1),
(1203, 'Hanabiramochi', 2),
(1204, 'Makunouchi', 1),
(1205, 'Noppe', 1),
(1206, 'Gyuuhi', 2),
(1207, 'Shimotsukare', 1),
(1208, 'Karaage', 1),
(1209, 'Donburi', 1),
(1210, 'Edamame', 0),
(1211, 'Nameko', 0),
(1212, 'Miso soup', 0),
(1213, 'Bento', 1),
(1214, 'Fried prawn', 1),
(1215, 'Dango', 0),
(1216, 'Kinpira', 1),
(1217, 'Chimaki', 2),
(1218, 'Shiokara', 1),
(1219, 'Nikuman', 1),
(1220, 'Nikujaga', 1),
(1221, 'Mapo doufu', 1),
(1222, 'Char siu', 1),
(1223, 'Mochi', 2),
(1224, 'Egg drop soup', 0),
(1225, 'Fried rice', 1),
(1226, 'Tzimmes', 2),
(1227, 'Kugel', 2),
(1228, 'Lekach', 2),
(1229, 'P''tcha', 2),
(1230, 'Sorrel soup', 0),
(1232, 'Pastrami', 1),
(1233, 'Israeli salad', 0),
(1234, 'Challah', 0),
(1235, 'Lox', 1),
(1236, 'Charoset', 2),
(1237, 'Malawach', 0),
(1238, 'Matzah balls', 1),
(1239, 'Jachnun', 2),
(1240, 'Gribenes', 1),
(1241, 'Sufganiyah', 2),
(1242, 'Shmaltz Herring', 1),
(1243, 'Matzo brei', 2),
(1244, 'Gefilte fish', 1),
(1245, 'Chicken soup', 0),
(1247, 'Kaiser roll', 0),
(1248, 'Bichak', 0),
(1249, 'Nunt', 2),
(1250, 'Matzo Pancake', 1),
(1251, 'Boiled beef', 1),
(1252, 'Fazuelos', 2),
(1253, 'Hamantasch', 2),
(1254, 'Potato pancakes', 1),
(1255, 'Rugelach', 2),
(1256, 'Kasha', 1),
(1257, 'Helzel', 1),
(1258, 'Matzo', 0),
(1259, 'Cholent', 1),
(1260, 'Teiglach', 2),
(1261, 'Rye bread', 0),
(1262, 'Vorschmack', 1),
(1264, 'Kishke', 1),
(1265, 'Knish', 1),
(1266, 'Chopped liver', 1),
(1267, 'Prune compote', 2),
(1268, 'Eggplant jam', 1),
(1269, 'Mandelbrot', 0),
(1270, 'Sabich', 1),
(1271, 'Wiener schnitzel', 1),
(1272, 'Cabbage roll', 1),
(1273, 'Carciofi alla giudia', 0),
(1274, 'Couscous', 1),
(1275, 'Farfel', 1),
(1276, 'Falafel', 1),
(1277, 'Bialy', 0),
(1278, 'Borscht', 0),
(1279, 'Babka', 2),
(1280, 'Kishka', 1),
(1281, 'Kreplach', 1),
(1282, 'Makchang', 1),
(1283, 'Kongnamul', 1),
(1284, 'Hobbang', 1),
(1285, 'Naengmyeon', 1),
(1286, 'Hoedeopbap', 1),
(1287, 'Sundubu jjigae', 1),
(1288, 'Chwinamul', 0),
(1289, 'Pajeon', 0),
(1290, 'Sikhye', 2),
(1291, 'Banchan', 0),
(1292, 'Baek kimchi', 0),
(1293, 'Jajangmyeon', 1),
(1295, 'Anju', 1),
(1296, 'Bindaetteok', 1),
(1297, 'Nurungji', 1),
(1298, 'Samgyetang', 0),
(1299, 'Galbijjim', 1),
(1300, 'Gimbap', 1),
(1301, 'Namul', 0),
(1302, 'Gimchi jjigae', 1),
(1303, 'Seolleongtang', 0),
(1304, 'Japchae', 1),
(1305, 'Yakshik', 2),
(1306, 'Dubu kimchi', 1),
(1307, 'Gujeolpan', 1),
(1308, 'Jokpyeon', 1),
(1309, 'Jeongol', 1),
(1310, 'Budae jjigae', 1),
(1311, 'Tteok', 2),
(1312, 'Cheonggukjang', 0),
(1314, 'Ho-tteok', 1),
(1317, 'Miyuk guk', 0),
(1318, 'Juk', 1),
(1319, 'Haejangguk', 0),
(1320, 'Mae-un Tang', 0),
(1321, 'Bibimbap', 1),
(1322, 'Sujebi', 1),
(1324, 'Gamjatang', 1),
(1325, 'Agujjim', 1),
(1326, 'Ggakdugi', 1),
(1327, 'Tteok guk', 0),
(1328, 'Jjigae', 1),
(1329, 'Mandu', 0),
(1330, 'Kalguksu', 0),
(1331, 'Kimchi Jeon', 1),
(1332, 'Bungeoppang', 0),
(1334, 'Jeon', 1),
(1336, 'Bulgogi', 1),
(1337, 'Doenjang', 0),
(1339, 'Songpyeon', 1),
(1340, 'Janchi guksu', 1),
(1341, 'Yukhoe', 1),
(1342, 'Ddeokbokki', 0),
(1343, 'Makguksu', 1),
(1344, 'Ramen', 1),
(1345, 'Oxtail soup', 0),
(1346, 'Onigiri', 0),
(1347, 'Oden', 1),
(1348, 'Samgyeopsal', 1),
(1349, 'Sopa de Mondongo', 0),
(1350, 'Kousa Mahshi', 1),
(1351, 'Batata harra', 1),
(1353, 'Sfiha', 1),
(1354, 'Manakish', 0),
(1355, 'Balila', 1),
(1356, 'Shawarma', 1),
(1357, 'Kabab Koobideh', 1),
(1358, 'Ackawi cheese', 0),
(1359, 'Eggplant salads and appetizers', 0),
(1360, 'Kibbe Nayye', 1),
(1361, 'Ful Medames', 1),
(1362, 'Jallab', 2),
(1363, 'Fried cauliflower', 0),
(1365, 'Shanklish', 0),
(1366, 'Mujaddara', 1),
(1367, 'Pastirma', 1),
(1368, 'Kibbeh', 1),
(1369, 'Kofta', 1),
(1370, 'Tabouli', 0),
(1371, 'Baba ghanoush', 1),
(1372, 'Fried eggplant', 1),
(1373, 'Shish taouk', 1),
(1374, 'Nasi Dagang', 1),
(1375, 'Soto', 0),
(1376, 'Nasi paprik', 1),
(1377, 'Ikan Bakar', 1),
(1378, 'Kuih', 2),
(1379, 'Prawn cracker', 0),
(1380, 'Nasi lemak', 1),
(1381, 'Mee Goreng', 1),
(1382, 'Milanesa', 1),
(1383, 'Refried beans', 1),
(1384, 'Charales', 0),
(1386, 'Huevos rancheros', 1),
(1387, 'Huevos divorciados', 1),
(1389, 'Chicharrones', 1),
(1390, 'Escamoles', 1),
(1391, 'Cemita', 1),
(1392, 'Tlacoyo', 1),
(1393, 'Coyotas', 2),
(1394, 'Barbacoa', 1),
(1395, 'Nachos', 0),
(1396, 'Chiles en nogada', 1),
(1397, 'Romeritos', 0),
(1398, 'Gordita', 1),
(1399, 'Caesar salad', 0),
(1400, 'Dulce de leche', 2),
(1401, 'Frijoles charros', 0),
(1402, 'Sopaipilla', 0),
(1403, 'Fajita', 1),
(1404, 'Capirotada', 2),
(1405, 'Enchilada', 1),
(1406, 'Bolillo', 0),
(1409, 'Pozole', 0),
(1410, 'Champurrado', 2),
(1411, 'Arroz con leche', 2),
(1412, 'Tripas', 1),
(1413, 'Arroz con camarones', 1),
(1415, 'Gringas', 1),
(1417, 'Caldo de pollo', 1),
(1418, 'Taquito', 1),
(1419, 'Chilorio', 1),
(1420, 'Moronga', 1),
(1421, 'Tlayuda', 1),
(1422, 'Quesadilla', 1),
(1423, 'Rajas con crema', 1),
(1424, 'Chile Relleno', 1),
(1425, 'Taco', 1),
(1426, 'Cochinita pibil', 1),
(1428, 'Birria', 1),
(1429, 'Tamale', 1),
(1430, 'Sope', 1),
(1432, 'Machaca', 1),
(1434, 'Elote', 1),
(1435, 'Chimichanga', 1),
(1436, 'Chapulines', 0),
(1437, 'Chilaquiles', 1),
(1438, 'Ceviche', 1),
(1440, 'Mixote', 1),
(1441, 'Curtido', 1),
(1442, 'Carne asada', 1),
(1443, 'Carnitas', 1),
(1444, 'Tostada', 1),
(1447, 'Frijoles Negros', 0),
(1448, 'Tres leches cake', 2),
(1449, 'Rosca de reyes', 2),
(1450, 'Pulled pork', 1),
(1451, 'Torta', 0),
(1452, 'Fideo', 1),
(1454, 'Churro', 2),
(1455, 'Mollete', 0),
(1456, 'Agutuk, meat-caribou (Alaskan ice cream)', 2),
(1457, 'Acorn stew', 1),
(1458, 'Aloo Tama', 1),
(1459, 'Masu', 1),
(1460, 'Gundrook-Dheedo', 1),
(1462, 'Baji', 1),
(1464, 'Dal Bhat', 1),
(1465, 'Roti canai', 0),
(1466, 'Lolly cake', 2),
(1467, 'Colonial Goose', 1),
(1468, 'Anzac biscuit', 0),
(1469, 'Kiwiburger', 1),
(1470, 'Cheese roll', 0),
(1471, 'Bluff oyster', 0),
(1472, 'Pavlova', 2),
(1473, 'Australian meat pie', 1),
(1474, 'Noke', 0),
(1476, 'Boil-up', 1),
(1479, 'Fairy bread', 2),
(1480, 'Daun ubi tumbuk', 1),
(1481, 'Dadiah', 1),
(1482, 'Lemang', 2),
(1483, 'Rendang', 1),
(1484, 'Cholo Kabab', 1),
(1485, 'Bryndza', 0),
(1487, 'Faworki', 2),
(1488, 'Kopytka', 1),
(1489, 'Czernina', 0),
(1490, 'Kutia', 2),
(1492, 'Cepelinai', 0),
(1493, 'Kugelis', 1),
(1494, 'Bigos', 1),
(1495, 'Bundz', 0),
(1496, 'Makowiec', 2),
(1497, 'Kaszanka', 1),
(1498, 'Kissel', 2),
(1499, 'Pierogi', 1),
(1500, 'Carbonara', 1),
(1501, 'Beef Stroganoff', 1),
(1502, 'Scots tablet', 2),
(1504, 'Scotch pie', 1),
(1505, 'Buttery', 2),
(1506, 'Black bun', 2),
(1507, 'Smoked salmon', 1),
(1508, 'Sliced sausage', 1),
(1509, 'Head cheese', 0),
(1510, 'Kipper', 1),
(1511, 'Clapshot', 1),
(1512, 'Deep-fried Mars bar', 2),
(1513, 'Bannock', 0),
(1514, 'Bridie', 1),
(1515, 'Collops', 1),
(1517, 'Arbroath Smokie', 1),
(1518, 'Berwick cockle', 2),
(1519, 'Pan loaf', 0),
(1520, 'Tattie scone', 0),
(1521, 'Scotch egg', 1),
(1522, 'Cock-a-leekie soup', 0),
(1523, 'Caramel Shortbread', 2),
(1524, 'Soor ploom', 2),
(1526, 'Rumbledethumps', 1),
(1527, 'Edinburgh Rock', 2),
(1528, 'Sponge toffee', 2),
(1529, 'Dunlop cheese', 0),
(1530, 'Haggis', 1),
(1531, 'Oatcake', 0),
(1532, 'Skirlie', 1),
(1533, 'Scotch broth', 0),
(1534, 'Partan bree', 1),
(1535, 'Crumpet', 0),
(1536, 'Cabbie claw', 1),
(1539, 'Cullen Skink', 0),
(1540, 'Mince and tatties', 1),
(1541, 'Porridge', 1),
(1542, 'Stovies', 1),
(1543, 'Moffat Toffee', 2),
(1544, 'Caboc', 1),
(1545, 'Cranachan', 2),
(1546, 'Crappit heid', 1),
(1547, 'Scone', 0),
(1548, 'Northern Gannet', 1),
(1549, 'Plain loaf', 0),
(1550, 'Crowdie', 0),
(1551, 'Shortbread', 2),
(1552, 'Rollmops', 1),
(1553, 'Satay bee hoon', 1),
(1554, 'Char siew rice', 1),
(1555, 'Kaya toast', 0),
(1556, 'Ayam goreng', 1),
(1557, 'Chilli crab', 1),
(1558, 'Yong tau foo', 0),
(1559, 'Putu Mayam', 1),
(1560, 'Claypot chicken rice', 1),
(1561, 'Kueh kochi', 2),
(1562, 'Ice kachang', 2),
(1563, 'Acar', 1),
(1564, 'Hae mee', 1),
(1565, 'Curry puff', 2),
(1566, 'Roti prata', 1),
(1567, 'Chai tow kway', 1),
(1568, 'Black pepper crab', 1),
(1569, 'Tangyuan', 0),
(1570, 'Ban mian', 1),
(1571, 'Spicy kangkung', 1),
(1572, 'Char kway teow', 1),
(1573, 'Laksa', 1),
(1574, 'Mee rebus', 0),
(1575, 'Popiah', 2),
(1576, 'Red bean soup', 0),
(1577, 'Yusheng', 1),
(1578, 'Chee cheong fun', 1),
(1579, 'Chwee kueh', 1),
(1580, 'Bak kut teh', 0),
(1581, 'Hokkien mee', 1),
(1582, 'Kueh tutu', 2),
(1583, 'Roti john', 1),
(1584, 'Curry chicken noodles', 1),
(1585, 'Oyster omelette', 1),
(1586, 'Rojak', 0),
(1587, 'Pig''s organ soup', 0),
(1588, 'Tauhu goreng', 1),
(1589, 'Lor mee', 1),
(1590, 'Youtiao', 0),
(1591, 'Hainanese Chicken Rice', 1),
(1592, 'Wanton mee', 1),
(1593, 'Douhua', 2),
(1594, 'Mango pudding', 2),
(1595, 'Otak-otak', 1),
(1596, 'Nasi goreng', 1),
(1597, 'Ketupat', 2),
(1598, 'Uttapam', 1),
(1599, 'Gachas', 0),
(1600, 'Bocadillo', 1),
(1601, 'Sobrassada', 1),
(1602, 'Migas', 1),
(1604, 'Lechazo', 1),
(1605, 'Manjar Blanco', 2),
(1606, 'Pincho', 0),
(1608, 'Kas', 1),
(1609, 'Gazpacho', 0),
(1611, 'Tapas', 1),
(1612, 'Chistorra', 1),
(1613, 'Pionono', 0),
(1614, 'Common Ling', 1),
(1615, 'Palmier', 2),
(1616, 'Olla podrida', 1),
(1617, 'Sofrito', 0),
(1618, 'Marie biscuit', 0),
(1619, 'Natillas', 2),
(1620, 'Teja', 2),
(1621, 'Tomate Frito', 0),
(1622, 'Pochas', 0),
(1623, 'Cuchifritos', 1),
(1624, 'Piquillo pepper', 1),
(1625, 'Almogrote', 0),
(1626, 'Caparrones', 1),
(1627, 'Chireta', 1),
(1630, 'Fabes con almejas', 1),
(1632, 'Fuet', 1),
(1633, 'Pisto', 1),
(1634, 'spanish omlette', 1),
(1635, 'Fabada Asturiana', 1),
(1636, 'Pastisset', 2),
(1637, 'Zarangollo', 1),
(1639, 'Tortas de Aceite', 0),
(1640, 'Arroz negro', 1),
(1641, 'Frangollo', 2),
(1643, 'Paella', 1),
(1644, 'Tortita negra', 2),
(1645, 'Tumbet', 1),
(1646, 'Andrajos', 1),
(1647, 'Arroz a la cubana', 1),
(1648, 'Patatas bravas', 0),
(1649, 'Nocilla', 2),
(1650, 'Tortilla de patatas', 1),
(1651, 'Flan', 2),
(1652, 'Marzipan', 2),
(1653, 'Lomo', 1),
(1654, 'Fried calamari', 1),
(1655, 'Cecina', 1),
(1656, 'Arroz con pollo', 1),
(1657, 'Empanada', 1),
(1658, 'Oncom', 1),
(1660, 'Lalab', 0),
(1661, 'Tapai', 2),
(1662, 'Serabi', 1),
(1663, 'Sayur Asem', 1),
(1664, 'Cervelat', 1),
(1665, 'Beef noodle soup', 0),
(1667, 'Burrito', 1),
(1668, 'Tom kha gai', 0),
(1669, 'Tom yum', 0),
(1670, 'Khao soi', 1),
(1671, 'Pad Thai', 1),
(1672, 'Rad Na', 1),
(1673, 'Pad see ew', 1),
(1674, 'Drunken noodles', 1),
(1675, 'Larb', 1),
(1678, 'Red curry', 0),
(1679, 'Thai fried rice', 1),
(1680, 'Gai Pad Khing', 1),
(1681, 'Kaymak', 2),
(1682, 'Yuvarlak', 1),
(1683, 'Churchkhela', 2),
(1684, 'Muhammara', 0),
(1685, 'Tulumba', 2),
(1686, 'Mado', 1),
(1687, 'Quince dessert', 2),
(1689, 'Shafvka', 1),
(1690, 'Menemen', 1),
(1691, 'Pekmez', 2),
(1692, 'Gulab jamun', 2),
(1693, 'Leblebi', 0),
(1694, 'Ezogelin soup', 0),
(1695, 'Basbousa', 2),
(1697, 'Dondurma', 2),
(1699, 'Adana kebab', 1),
(1700, 'Kokoretsi', 1),
(1701, 'Cezerye', 2),
(1702, 'Tonis Puri', 0),
(1703, 'Ashure', 2),
(1704, 'Beyaz peynir', 0),
(1705, 'Yufka', 0),
(1706, 'Steam kebab', 1),
(1707, 'Turshiya', 0),
(1708, 'Kofte Kebab', 1),
(1709, 'Simit', 0),
(1710, 'Shashlik', 1),
(1711, 'Ghorabiye', 2),
(1712, 'Alanya kebab', 1),
(1713, 'Beyti kebab', 1),
(1714, 'Yahni', 0),
(1715, 'Urfa Biber', 0),
(1716, 'Zerde', 2),
(1717, 'Boyoz', 2),
(1718, 'Gemlik olive', 0),
(1719, 'Baked potato', 1),
(1720, 'Tarator', 0),
(1721, 'Alinazik kebab', 1),
(1722, 'Bazlama', 0),
(1723, 'Lavash', 0),
(1724, 'Confit byaldi', 2),
(1725, 'Taramosalata', 0),
(1726, 'Halva', 2),
(1727, 'Macaroon', 2),
(1728, 'Rice pudding', 2),
(1729, 'Putnis', 0),
(1730, 'Spiced rice', 1),
(1731, 'Dosa', 1),
(1732, 'Laddu', 2),
(1733, 'Ajethna', 1),
(1734, 'Bonda', 0),
(1735, 'Kheer', 2),
(1736, 'Neer dosa', 1),
(1737, 'Kosambari', 0),
(1738, 'Vareniki', 0),
(1739, 'Hummus', 0),
(1740, 'Glamorgan sausage', 1),
(1741, 'Canh chua', 0),
(1744, 'Com tam', 1),
(1750, 'Summer roll', 0),
(1754, 'Mi quang', 1),
(1763, 'Banh canh', 1),
(1764, 'Bun Bo Hue', 1),
(1766, 'Cao lau', 1),
(1767, 'Bun Rieu', 1),
(1769, 'Cha-lua', 1),
(1772, 'Banh Chung', 1),
(1775, 'Bo 7 Mon', 1),
(1777, 'Roast lamb with laver sauce', 1),
(1778, 'Bara brith', 0),
(1779, 'Cockle', 0),
(1780, 'Y Fenni', 0),
(1782, 'Welsh rabbit', 1),
(1783, 'Welsh cake', 2),
(1784, 'Crempog', 1),
(1785, 'Cawl', 0),
(1786, 'Pantysgawn', 0),
(1787, 'Leek soup', 0),
(1788, 'Monkfish', 1),
(1789, 'Apache Acorn Stew w/ Dumplings', 1),
(1790, 'Matzo farfel granola', 0),
(1792, 'Marshmallow creme', 2),
(1793, 'Ox-tongue pastry', 2),
(1794, 'Hash brown', 0),
(1795, 'Scrapple', 1),
(1796, 'Lemon meringue pie', 2),
(1797, 'Cocadas', 2),
(1798, 'Viennoiserie', 2),
(1800, 'Muffin', 2),
(1801, 'Candy bar', 2),
(1803, 'Pastille', 2),
(1804, 'Spring roll', 0),
(1806, 'Breakfast roll', 0),
(1807, 'Apple dumpling', 2),
(1810, 'Steak pie', 1),
(1812, 'Candy pumpkin', 2),
(1816, 'Chocolate truffle', 2),
(1819, 'Kow Pad Gai', 1),
(1820, 'Muisjes', 0),
(1824, 'Home fries', 0),
(1828, 'Baked Ham', 1),
(1830, 'Meat and potato pie', 1),
(1833, 'Ham and eggs', 1),
(1835, 'Jaangiri', 2),
(1838, 'Amba', 0),
(1839, 'Rhubarb pie', 2),
(1844, 'Schnecken', 2),
(1846, 'Mozartkugel', 2),
(1847, 'Rhubarb and custard', 2),
(1848, 'Cotton candy', 2),
(1849, 'Beer can Chicken', 1),
(1850, 'Bacon butty', 1),
(1854, 'Khabees', 2),
(1856, 'Black and white cookie', 2),
(1858, 'Tandoori chicken', 1),
(1859, 'Griddle scone', 0),
(1861, 'Kakinada Khaja', 2),
(1866, 'Wrap roti', 1),
(1867, 'Cuy al Horno', 1),
(1870, 'Monkey bread', 2),
(1871, 'Beef Wellington', 1),
(1872, 'Puff pastry', 2),
(1873, 'Stuffing', 0),
(1878, 'Chinese chicken salad', 0),
(1883, 'Sannakji', 1),
(1884, 'Butterscotch', 2),
(1885, 'Polkagris', 2),
(1886, 'Minted peas', 0),
(1888, 'Mock turtle soup', 0),
(1889, 'Indian sweets', 2),
(1890, 'Fish head curry', 1),
(1895, 'Flaki', 1),
(1897, 'Toaster Strudel', 2),
(1900, 'Baked ziti', 1),
(1903, 'Andouille', 1),
(1904, 'Geplak', 2),
(1905, 'Pashmak', 2),
(1906, 'Kiev cake', 2),
(1907, 'Syrniki', 0),
(1908, 'Bijou Cocktail', 2),
(1909, 'Scrambled eggs', 1),
(1910, 'Mendiant', 2),
(1911, 'Grits', 1),
(1912, 'Pecan log roll', 2),
(1915, 'Croissant', 0),
(1917, 'Kalakukko', 1),
(1919, 'Curried egg', 1),
(1920, 'Spinach salad', 0),
(1921, 'Chips Ahoy!', 2),
(1924, 'Gummy bears', 2),
(1926, 'Charqui', 1),
(1927, 'Eggplant parmesan', 1),
(1929, 'Eggs florentine', 1),
(1930, 'Eggs Neptune', 1),
(1931, 'Som tam', 0),
(1933, 'Potato cake', 2),
(1935, 'Danish pastry', 2),
(1941, 'Sladko', 2),
(1944, 'Jenny Lind Soup', 0),
(1945, 'Doughnut burger', 2),
(1947, 'Roast Quail', 1),
(1950, 'Bacon and egg pie', 1),
(1952, 'Suet pudding', 2),
(1953, 'Pandeyuca', 0),
(1954, 'Banana bread', 2),
(1955, 'Shuangbaotai', 2),
(1957, 'Jelly bean', 2),
(1958, 'Tartare', 0),
(1961, 'Sohan', 2),
(1962, 'Licorice candy', 2),
(1965, 'Calas', 1),
(1966, 'Chocolate balls', 2),
(1967, 'Chocolate Covered Peanut Butter Balls', 2),
(1975, 'Baked sweet potato', 1),
(1980, 'Chicken parmesan', 1),
(1981, 'Jordan Almonds', 2),
(1982, 'Sinseollo', 1),
(1983, 'Changua', 0),
(1985, 'Chocolate cake', 2),
(1986, 'French toast', 1),
(1988, 'Vindaloo', 1),
(1991, 'Curry burger', 1),
(1992, 'Custard pie', 2),
(1996, 'Blackberry pie', 2),
(1997, 'Brittle', 2),
(1998, 'St. Catherine''s taffy', 2),
(1999, 'Oysters Rockefeller', 0),
(2000, 'BLT sandwich', 1),
(2003, 'Kaju Katli', 2),
(2004, 'Tensoba', 1),
(2006, 'Muesli', 0),
(2007, 'Oreo', 2),
(2008, 'Kedgeree', 1),
(2009, 'Jelly baby', 2),
(2010, 'Deep fried Twinkie', 2),
(2011, 'Walkers Shortbread', 2),
(2013, 'Kasha varnishkas', 1),
(2014, 'Gumdrop', 2),
(2017, 'Gobchang', 1),
(2019, 'Alphabet soup', 0),
(2020, 'Salmiakki', 1),
(2021, 'Lobster Newberg', 1),
(2023, 'City chicken', 1),
(2026, 'Omelette', 1),
(2028, 'Jam Roly-Poly', 2),
(2030, 'Eggs Benedict', 1),
(2032, 'Duck pie', 1),
(2034, 'Re gan mian', 1),
(2038, 'Cinnamon roll', 2),
(2040, 'Chikki', 2),
(2041, 'Eccles cake', 2),
(2042, 'Gaz', 2),
(2043, 'Carob chip', 2),
(2046, 'Pea soup', 0),
(2047, 'Chocolate-coated raisin', 2),
(2048, 'Delmonico steak', 1),
(2049, 'Sausage gravy', 1),
(2050, 'Financier', 2),
(2051, 'Avgofeta', 1),
(2053, 'Chicken cacciatore', 1),
(2054, 'Faroese puffin', 1),
(2055, 'Cheesecake', 2),
(2056, 'Galbi', 1),
(2060, 'Baked Alaska', 2),
(2061, 'Dutch baby pancake', 1),
(2062, 'Sugar cake', 2),
(2063, 'Gobstopper', 2),
(2067, 'AirHeads', 2),
(2070, 'Suikerboon', 2),
(2071, 'Chin chin', 2),
(2072, 'Ma''amoul', 2),
(2075, 'Icing', 2),
(2081, 'Perico', 1),
(2082, 'Jokbal', 1),
(2084, 'Gummy candies', 2),
(2085, 'Circus Peanuts', 0),
(2090, 'Rapadura', 2),
(2091, 'Mixed grill', 1),
(2092, 'Poutine', 1),
(2093, 'Fruit sours', 2),
(2094, 'Roast Pheasant', 1),
(2095, 'Rum ball', 2),
(2096, 'Slinger', 1),
(2097, 'Pesto genovese', 1),
(2098, 'Kulolo', 2),
(2100, 'Karah Parshad', 2),
(2101, 'Mauresque', 2),
(2103, 'Eggs and brains', 1),
(2104, 'Brussels Sprouts', 0),
(2105, 'Toaster pastry', 2),
(2106, 'Cucumber sandwich', 1),
(2111, 'Bear claw', 2),
(2113, 'King Kong milk candy', 2),
(2115, 'Egg salad', 1),
(2116, 'Lollipop', 2),
(2120, 'Egg sandwich', 1),
(2123, 'Spinach quiche', 1),
(2127, 'Tongue toast', 1),
(2128, 'Spicy Cauliflower', 0),
(2129, 'Noghl', 2),
(2132, 'Ragout of mutton', 1),
(2133, 'Devilled kidneys', 1),
(2136, 'Soy ice cream', 2),
(2137, 'Cherry pie', 2),
(2138, 'Mosselen met friet', 1),
(2140, 'Soda bread', 0),
(2143, 'Chocolate-coated peanut', 2),
(2144, 'Coconut candy', 2),
(2146, 'Djevrek', 0),
(2147, 'Pletzel', 2),
(2151, 'Crumble', 2),
(2152, 'Baked beans', 1),
(2153, 'Chicken Croquettes', 1),
(2157, 'Stick candy', 2),
(2159, 'Pizza', 1),
(2160, 'Comfit', 2),
(2161, 'Penuche', 2),
(2162, 'Chocolate-covered coffee bean', 2),
(2163, 'Chicken nugget', 1),
(2164, 'Fish finger', 1),
(2165, 'Fudge', 2),
(2166, 'Bridge mix', 2),
(2167, 'Pandebono', 0),
(2169, 'Breakfast cereal', 1),
(2170, 'Ciabatta integrale', 1),
(2171, 'Holishkes', 1),
(2175, 'Cobbler', 2),
(2176, 'Palak Paneer', 0),
(2177, 'Strawberry pie', 2),
(2182, 'Roast chicken', 1),
(2183, 'Banana cream pie', 2),
(2185, 'Konfyt', 0),
(2187, 'Pontefract Cakes', 2),
(2188, 'Tuna fish sandwich', 1),
(2190, 'Luther Burger', 1),
(2193, 'Buffalo burger', 1),
(2198, 'Soutzoukos', 1),
(2200, 'Chocolate sandwich', 2),
(2202, 'Toast', 1),
(2205, 'Waffle', 1),
(2207, 'Tuna salad', 1),
(2208, 'Carrot cake', 2),
(2209, 'Graham bread', 0),
(2210, 'Milk toast', 0),
(2212, 'Crisp bread', 0),
(2215, 'Orange jelly candy', 2),
(2216, 'Jello salad', 2),
(2217, 'Tim Tam', 2),
(2218, 'Roti', 0),
(2221, 'Penny candy', 2),
(2222, 'Maple toffee', 2),
(2224, 'English muffin', 0),
(2225, 'Grits and Grillades', 1),
(2226, 'White bread', 0),
(2227, 'Singori', 2),
(2228, 'Frozen yogurt', 2),
(2229, 'Besan barfi', 2),
(2230, 'Pisca Andina', 0),
(2231, 'Lokshen kugel', 2),
(2232, 'Sorbet', 2),
(2235, 'Cream pie', 2),
(2236, 'Bread pudding', 2),
(2237, 'Jellybean', 2),
(2238, 'Popover', 0),
(2240, 'Soft boiled egg', 0),
(2244, 'Bagels', 1),
(2246, 'Sherbet', 2),
(2248, 'Pot pie', 1),
(2249, 'Candy cane', 2),
(2250, 'Ribbon candy', 2),
(2251, 'Liquorice root', 2),
(2252, 'Strela candy', 2),
(2253, 'Key lime pie', 2),
(2256, 'Biscuits and gravy', 1),
(2258, 'Mofletta', 1),
(2259, 'Corned Beef and cabbage', 1),
(2260, 'Sweet potato pie', 2),
(2261, 'Salted duck egg', 1),
(2262, 'Apple crisp', 2),
(2263, 'Quiche lorraine', 1),
(2264, 'Creamed spinach', 0),
(2266, 'Haupia', 2),
(2267, 'Lemon drop', 2),
(2268, 'Bourbon ball', 2),
(2269, 'Calisson', 2),
(2272, 'Turnover', 2),
(2273, 'Jujube', 2),
(2275, 'Cottage pie', 1),
(2276, 'Snickerdoodle', 2),
(2279, 'Gogli', 2),
(2280, 'Pain au chocolat', 2),
(2281, 'Carrot and Red Lentil Soup', 0),
(2282, 'Eggo', 1),
(2285, 'Candy cigarette', 2),
(2288, 'Delmonico potatoes', 1),
(2289, 'Blueberry pie', 2),
(2291, 'Peanut butter cookie', 2),
(2292, 'Texas toast', 1),
(2293, 'White chocolate', 2),
(2295, 'Kaipen', 2),
(2298, 'Mefun', 1),
(2299, 'Peach Melba', 2),
(2300, 'Gummi worms', 2),
(2301, 'Saure Kutteln', 1),
(2302, 'Peanut butter cup', 2),
(2306, 'Dolly mixture', 2),
(2309, 'Abnabat', 2),
(2312, 'Turtle soup', 0),
(2317, 'Misri', 2),
(2319, 'Tuna casserole', 1),
(2320, 'Vienna Fingers', 2),
(2321, 'Russian candy', 2),
(2322, 'Chocolate chip cookie', 2),
(2323, 'Orange chicken', 1),
(2325, 'Caramel corn', 2),
(2326, 'Salt water taffy', 2),
(2327, 'Pickled egg', 1),
(2329, 'Saimin', 1),
(2330, 'Kettle corn', 0),
(2331, 'Pickled cucumber', 1),
(2334, 'Spicy tingly beef', 1),
(2336, 'Kolache', 2),
(2338, 'Tomato soup', 0),
(2339, 'Ham and egg pie', 1),
(2340, 'Egg casserole', 1),
(2343, 'Halwa Poori', 0),
(2344, 'Gozinaki', 2),
(2346, 'Chocolate pudding', 2),
(2348, 'Bonbon', 2),
(2349, 'Callaloo', 1),
(2351, 'Crab cake', 1),
(2353, 'Doughnut', 2),
(2354, 'Ischoklad', 2),
(2355, 'Lakhamari', 2),
(2357, 'Boston cream pie', 2),
(2358, 'Taffy', 2),
(2360, 'Sugar plum', 2),
(2361, 'Stuffed Mushrooms', 0),
(2362, 'Corned beef pie', 1),
(2363, 'Rock candy', 2),
(2364, 'Breakfast sausage', 1),
(2365, 'Wedding soup', 0),
(2366, 'Chess pie', 2),
(2367, 'Steak tartare', 1),
(2369, 'Praline', 2),
(2370, 'Panuche', 2),
(2371, 'Funnel cake', 2),
(2372, 'Tutti frutti', 2),
(2378, 'Apple turnover', 2),
(2379, 'Gibraltar rock', 2),
(2386, 'Ham sandwich', 1),
(2387, 'Liquorice allsorts', 2),
(2388, 'Hard boiled egg', 0),
(2389, 'Fried egg', 1),
(2390, 'Cowboy Beans', 1),
(2393, 'Cape Cod', 1),
(2394, 'Sausage roll', 1),
(2395, 'Fried chicken', 1),
(2396, 'Rocky road', 2),
(2397, 'Gai yang', 1),
(2398, 'Candy apple', 2),
(2399, 'Chips Deluxe', 2),
(2401, 'Fried-brain sandwich', 1),
(2402, 'Succade', 2),
(2408, 'Flourless chocolate cake', 2),
(2409, 'Bosintang', 0),
(2410, 'German chocolate cake', 2),
(2411, 'Dutch apple pie', 2),
(2413, 'Soused hog''s face', 1),
(2415, 'Stratta', 1),
(2416, 'Candy corn', 2),
(2420, 'Green pea risotto', 0),
(2421, 'Sponge Pudding', 2),
(2422, 'Brine', 1),
(2423, 'Broccoli Raab Pasta', 1),
(2424, 'Cajun Roux', 1),
(2425, 'Sourdough Bread', 0),
(2426, 'Foie Gras Pasta', 1),
(2427, 'Kwetiau', 1),
(2428, 'Gingerbread', 2),
(2429, 'Orbis Tertius', 1),
(2430, 'Pasta with Tomato Sauce', 1),
(2431, 'Smoked Trout', 1),
(2432, 'Greek style lamb', 1),
(2433, 'Shirred Eggs Pancetta', 1);

-- --------------------------------------------------------

--
-- Table structure for table `dishtocuisine`
--

CREATE TABLE IF NOT EXISTS `dishtocuisine` (
  `dishid` int(11) NOT NULL,
  `cuisineid` int(11) NOT NULL,
  PRIMARY KEY (`dishid`,`cuisineid`),
  KEY `cuisineid` (`cuisineid`)
) ENGINE=InnoDB DEFAULT CHARSET=latin1;

--
-- Dumping data for table `dishtocuisine`
--

INSERT INTO `dishtocuisine` (`dishid`, `cuisineid`) VALUES
(1, 4),
(2, 4),
(3, 4),
(4, 4),
(5, 4),
(6, 4),
(7, 4),
(8, 4),
(9, 4),
(10, 4),
(11, 4),
(12, 4),
(13, 4),
(14, 4),
(15, 4),
(16, 4),
(25, 4),
(26, 4),
(474, 4),
(17, 5),
(18, 5),
(19, 5),
(20, 5),
(21, 5),
(22, 5),
(23, 5),
(24, 5),
(146, 5),
(27, 7),
(28, 7),
(29, 7),
(30, 7),
(31, 7),
(32, 7),
(33, 7),
(34, 7),
(1057, 7),
(1058, 7),
(1739, 8),
(35, 10),
(36, 10),
(37, 10),
(38, 10),
(41, 10),
(43, 10),
(44, 10),
(46, 10),
(47, 10),
(49, 10),
(50, 10),
(51, 10),
(53, 10),
(54, 10),
(55, 10),
(56, 10),
(57, 10),
(58, 10),
(59, 10),
(61, 10),
(62, 10),
(63, 10),
(64, 10),
(65, 10),
(66, 10),
(68, 10),
(69, 10),
(70, 10),
(580, 10),
(764, 10),
(1366, 10),
(1367, 10),
(1368, 10),
(1369, 10),
(1370, 10),
(1723, 10),
(1739, 10),
(24, 11),
(71, 11),
(72, 11),
(73, 11),
(1344, 11),
(74, 13),
(25, 17),
(76, 17),
(77, 17),
(78, 17),
(1450, 17),
(79, 21),
(26, 26),
(80, 26),
(81, 26),
(82, 26),
(83, 26),
(84, 26),
(85, 26),
(86, 26),
(87, 26),
(88, 26),
(89, 26),
(90, 26),
(91, 26),
(92, 26),
(93, 26),
(94, 26),
(95, 26),
(96, 26),
(97, 26),
(98, 26),
(99, 26),
(100, 26),
(101, 26),
(102, 26),
(103, 26),
(104, 26),
(105, 26),
(106, 26),
(107, 26),
(108, 26),
(109, 26),
(110, 26),
(111, 26),
(113, 26),
(115, 26),
(551, 26),
(1345, 26),
(2421, 26),
(116, 28),
(117, 29),
(118, 29),
(119, 29),
(2424, 29),
(120, 31),
(121, 31),
(122, 31),
(123, 31),
(124, 31),
(125, 31),
(126, 37),
(127, 37),
(128, 37),
(129, 37),
(130, 37),
(131, 37),
(132, 37),
(133, 37),
(134, 37),
(135, 37),
(136, 37),
(138, 37),
(139, 37),
(140, 37),
(141, 37),
(142, 37),
(143, 37),
(144, 37),
(145, 37),
(146, 37),
(147, 37),
(148, 37),
(149, 37),
(150, 37),
(151, 37),
(218, 37),
(219, 37),
(792, 37),
(1221, 37),
(1222, 37),
(1225, 37),
(1345, 37),
(1590, 37),
(1591, 37),
(1665, 37),
(152, 43),
(147, 44),
(148, 44),
(149, 44),
(150, 44),
(153, 44),
(154, 44),
(156, 44),
(157, 44),
(158, 44),
(159, 44),
(161, 44),
(162, 44),
(163, 44),
(164, 44),
(165, 44),
(166, 44),
(170, 44),
(171, 44),
(172, 44),
(174, 44),
(175, 44),
(176, 44),
(177, 44),
(178, 44),
(179, 44),
(180, 44),
(181, 44),
(183, 44),
(184, 44),
(185, 44),
(186, 44),
(187, 44),
(188, 44),
(189, 44),
(191, 44),
(193, 44),
(194, 44),
(196, 44),
(197, 44),
(198, 44),
(199, 44),
(202, 44),
(203, 44),
(206, 44),
(208, 44),
(209, 44),
(210, 44),
(211, 44),
(212, 44),
(213, 44),
(214, 44),
(215, 44),
(216, 44),
(218, 44),
(219, 44),
(220, 44),
(221, 44),
(552, 44),
(1222, 44),
(1592, 44),
(1593, 44),
(1594, 44),
(222, 45),
(223, 46),
(224, 46),
(225, 46),
(226, 46),
(2425, 55),
(2428, 55),
(125, 56),
(150, 56),
(227, 56),
(228, 56),
(229, 56),
(230, 56),
(231, 56),
(232, 56),
(234, 56),
(235, 56),
(236, 56),
(237, 56),
(238, 56),
(239, 56),
(240, 56),
(241, 56),
(242, 56),
(246, 56),
(247, 56),
(248, 56),
(249, 56),
(250, 56),
(251, 56),
(252, 56),
(253, 56),
(256, 56),
(258, 56),
(259, 56),
(260, 56),
(261, 56),
(262, 56),
(263, 56),
(264, 56),
(265, 56),
(267, 56),
(268, 56),
(269, 56),
(270, 56),
(271, 56),
(272, 56),
(274, 56),
(275, 56),
(276, 56),
(278, 56),
(281, 56),
(282, 56),
(286, 56),
(287, 56),
(288, 56),
(291, 56),
(292, 56),
(293, 56),
(295, 56),
(296, 56),
(297, 56),
(298, 56),
(299, 56),
(300, 56),
(301, 56),
(302, 56),
(303, 56),
(304, 56),
(307, 56),
(309, 56),
(310, 56),
(311, 56),
(312, 56),
(313, 56),
(314, 56),
(316, 56),
(559, 56),
(1223, 56),
(1451, 56),
(1597, 56),
(1661, 56),
(119, 57),
(310, 57),
(317, 57),
(318, 57),
(320, 57),
(321, 57),
(324, 57),
(326, 57),
(327, 57),
(329, 57),
(331, 57),
(341, 57),
(342, 57),
(343, 57),
(344, 57),
(345, 57),
(348, 57),
(352, 57),
(353, 57),
(355, 57),
(356, 57),
(358, 57),
(361, 57),
(362, 57),
(366, 57),
(367, 57),
(368, 57),
(370, 57),
(375, 57),
(376, 57),
(379, 57),
(380, 57),
(382, 57),
(383, 57),
(384, 57),
(385, 57),
(386, 57),
(387, 57),
(388, 57),
(389, 57),
(390, 57),
(391, 57),
(392, 57),
(393, 57),
(394, 57),
(395, 57),
(396, 57),
(397, 57),
(399, 57),
(400, 57),
(402, 57),
(404, 57),
(406, 57),
(407, 57),
(409, 57),
(411, 57),
(412, 57),
(413, 57),
(415, 57),
(416, 57),
(417, 57),
(420, 57),
(421, 57),
(422, 57),
(423, 57),
(424, 57),
(425, 57),
(428, 57),
(430, 57),
(432, 57),
(433, 57),
(434, 57),
(435, 57),
(436, 57),
(437, 57),
(439, 57),
(441, 57),
(443, 57),
(445, 57),
(446, 57),
(448, 57),
(451, 57),
(453, 57),
(455, 57),
(456, 57),
(457, 57),
(459, 57),
(462, 57),
(463, 57),
(464, 57),
(465, 57),
(467, 57),
(470, 57),
(472, 57),
(473, 57),
(474, 57),
(475, 57),
(476, 57),
(479, 57),
(480, 57),
(551, 57),
(553, 57),
(554, 57),
(602, 57),
(1059, 57),
(1224, 57),
(1724, 57),
(78, 60),
(473, 60),
(474, 60),
(482, 60),
(483, 60),
(485, 60),
(486, 60),
(489, 60),
(490, 60),
(491, 60),
(492, 60),
(493, 60),
(495, 60),
(496, 60),
(497, 60),
(498, 60),
(500, 60),
(501, 60),
(502, 60),
(503, 60),
(504, 60),
(505, 60),
(506, 60),
(507, 60),
(509, 60),
(510, 60),
(511, 60),
(513, 60),
(514, 60),
(515, 60),
(517, 60),
(518, 60),
(519, 60),
(520, 60),
(522, 60),
(523, 60),
(525, 60),
(526, 60),
(527, 60),
(529, 60),
(530, 60),
(531, 60),
(532, 60),
(533, 60),
(534, 60),
(535, 60),
(536, 60),
(538, 60),
(539, 60),
(541, 60),
(542, 60),
(544, 60),
(545, 60),
(546, 60),
(547, 60),
(549, 60),
(550, 60),
(551, 60),
(552, 60),
(553, 60),
(554, 60),
(555, 60),
(556, 60),
(557, 60),
(558, 60),
(602, 60),
(1060, 60),
(1271, 60),
(1272, 60),
(1552, 60),
(1652, 60),
(1664, 60),
(559, 61),
(58, 62),
(59, 62),
(62, 62),
(65, 62),
(70, 62),
(560, 62),
(561, 62),
(562, 62),
(564, 62),
(565, 62),
(566, 62),
(567, 62),
(568, 62),
(569, 62),
(570, 62),
(571, 62),
(573, 62),
(574, 62),
(575, 62),
(576, 62),
(577, 62),
(578, 62),
(579, 62),
(580, 62),
(581, 62),
(582, 62),
(1725, 62),
(2432, 62),
(554, 69),
(555, 69),
(584, 69),
(585, 69),
(586, 69),
(587, 69),
(588, 69),
(589, 69),
(590, 69),
(591, 69),
(592, 69),
(593, 69),
(595, 69),
(596, 69),
(597, 69),
(598, 69),
(599, 69),
(600, 69),
(601, 69),
(602, 69),
(603, 69),
(604, 69),
(66, 71),
(150, 71),
(606, 71),
(608, 71),
(611, 71),
(612, 71),
(615, 71),
(617, 71),
(618, 71),
(620, 71),
(622, 71),
(624, 71),
(626, 71),
(627, 71),
(628, 71),
(629, 71),
(630, 71),
(631, 71),
(633, 71),
(637, 71),
(639, 71),
(640, 71),
(641, 71),
(642, 71),
(643, 71),
(644, 71),
(645, 71),
(646, 71),
(648, 71),
(649, 71),
(650, 71),
(651, 71),
(652, 71),
(654, 71),
(655, 71),
(656, 71),
(657, 71),
(659, 71),
(660, 71),
(661, 71),
(662, 71),
(663, 71),
(664, 71),
(665, 71),
(667, 71),
(668, 71),
(669, 71),
(671, 71),
(674, 71),
(675, 71),
(676, 71),
(677, 71),
(678, 71),
(679, 71),
(681, 71),
(682, 71),
(683, 71),
(685, 71),
(686, 71),
(687, 71),
(688, 71),
(689, 71),
(690, 71),
(691, 71),
(692, 71),
(693, 71),
(694, 71),
(696, 71),
(697, 71),
(699, 71),
(701, 71),
(702, 71),
(703, 71),
(705, 71),
(707, 71),
(708, 71),
(710, 71),
(712, 71),
(713, 71),
(714, 71),
(718, 71),
(719, 71),
(721, 71),
(722, 71),
(723, 71),
(724, 71),
(725, 71),
(726, 71),
(727, 71),
(728, 71),
(729, 71),
(730, 71),
(731, 71),
(732, 71),
(733, 71),
(734, 71),
(735, 71),
(736, 71),
(737, 71),
(738, 71),
(739, 71),
(740, 71),
(743, 71),
(744, 71),
(745, 71),
(746, 71),
(749, 71),
(750, 71),
(751, 71),
(752, 71),
(753, 71),
(754, 71),
(755, 71),
(756, 71),
(759, 71),
(760, 71),
(762, 71),
(763, 71),
(764, 71),
(765, 71),
(766, 71),
(767, 71),
(768, 71),
(769, 71),
(1369, 71),
(1465, 71),
(1726, 71),
(1736, 71),
(1737, 71),
(150, 75),
(311, 75),
(312, 75),
(770, 75),
(772, 75),
(773, 75),
(774, 75),
(775, 75),
(776, 75),
(777, 75),
(778, 75),
(779, 75),
(780, 75),
(781, 75),
(783, 75),
(784, 75),
(785, 75),
(787, 75),
(788, 75),
(789, 75),
(790, 75),
(791, 75),
(792, 75),
(794, 75),
(795, 75),
(796, 75),
(797, 75),
(798, 75),
(799, 75),
(800, 75),
(1225, 75),
(1345, 75),
(1379, 75),
(1381, 75),
(1481, 75),
(1482, 75),
(1483, 75),
(1595, 75),
(1596, 75),
(1597, 75),
(1662, 75),
(1663, 75),
(2427, 75),
(801, 78),
(34, 80),
(475, 80),
(476, 80),
(556, 80),
(602, 80),
(802, 80),
(803, 80),
(804, 80),
(805, 80),
(806, 80),
(807, 80),
(808, 80),
(810, 80),
(811, 80),
(812, 80),
(813, 80),
(816, 80),
(817, 80),
(818, 80),
(819, 80),
(820, 80),
(824, 80),
(825, 80),
(828, 80),
(830, 80),
(831, 80),
(832, 80),
(833, 80),
(836, 80),
(838, 80),
(839, 80),
(840, 80),
(843, 80),
(845, 80),
(847, 80),
(849, 80),
(850, 80),
(851, 80),
(854, 80),
(855, 80),
(856, 80),
(857, 80),
(858, 80),
(860, 80),
(862, 80),
(863, 80),
(865, 80),
(866, 80),
(867, 80),
(868, 80),
(869, 80),
(870, 80),
(872, 80),
(873, 80),
(876, 80),
(877, 80),
(878, 80),
(880, 80),
(881, 80),
(882, 80),
(883, 80),
(885, 80),
(886, 80),
(888, 80),
(889, 80),
(890, 80),
(892, 80),
(893, 80),
(894, 80),
(896, 80),
(900, 80),
(901, 80),
(902, 80),
(903, 80),
(904, 80),
(905, 80),
(907, 80),
(908, 80),
(909, 80),
(911, 80),
(912, 80),
(914, 80),
(915, 80),
(916, 80),
(917, 80),
(918, 80),
(920, 80),
(922, 80),
(923, 80),
(924, 80),
(927, 80),
(928, 80),
(929, 80),
(930, 80),
(931, 80),
(932, 80),
(933, 80),
(934, 80),
(935, 80),
(937, 80),
(938, 80),
(939, 80),
(943, 80),
(944, 80),
(945, 80),
(946, 80),
(947, 80),
(948, 80),
(950, 80),
(951, 80),
(952, 80),
(953, 80),
(954, 80),
(955, 80),
(956, 80),
(957, 80),
(958, 80),
(959, 80),
(960, 80),
(961, 80),
(963, 80),
(964, 80),
(965, 80),
(966, 80),
(967, 80),
(968, 80),
(970, 80),
(973, 80),
(974, 80),
(977, 80),
(978, 80),
(981, 80),
(982, 80),
(983, 80),
(984, 80),
(985, 80),
(986, 80),
(987, 80),
(988, 80),
(990, 80),
(991, 80),
(992, 80),
(993, 80),
(994, 80),
(995, 80),
(996, 80),
(997, 80),
(998, 80),
(999, 80),
(1003, 80),
(1004, 80),
(1005, 80),
(1006, 80),
(1008, 80),
(1009, 80),
(1011, 80),
(1012, 80),
(1014, 80),
(1015, 80),
(1016, 80),
(1018, 80),
(1019, 80),
(1020, 80),
(1021, 80),
(1022, 80),
(1025, 80),
(1026, 80),
(1027, 80),
(1028, 80),
(1029, 80),
(1030, 80),
(1032, 80),
(1033, 80),
(1035, 80),
(1036, 80),
(1037, 80),
(1038, 80),
(1040, 80),
(1042, 80),
(1043, 80),
(1045, 80),
(1047, 80),
(1048, 80),
(1049, 80),
(1050, 80),
(1053, 80),
(1056, 80),
(1057, 80),
(1058, 80),
(1059, 80),
(1060, 80),
(1061, 80),
(1273, 80),
(1274, 80),
(1275, 80),
(1452, 80),
(1499, 80),
(1500, 80),
(1652, 80),
(1653, 80),
(1654, 80),
(2423, 80),
(2426, 80),
(2430, 80),
(2433, 80),
(150, 83),
(151, 83),
(220, 83),
(1062, 83),
(1063, 83),
(1064, 83),
(1065, 83),
(1067, 83),
(1069, 83),
(1070, 83),
(1071, 83),
(1072, 83),
(1074, 83),
(1075, 83),
(1077, 83),
(1079, 83),
(1081, 83),
(1082, 83),
(1083, 83),
(1084, 83),
(1085, 83),
(1087, 83),
(1088, 83),
(1089, 83),
(1090, 83),
(1093, 83),
(1097, 83),
(1098, 83),
(1099, 83),
(1100, 83),
(1101, 83),
(1102, 83),
(1103, 83),
(1105, 83),
(1106, 83),
(1107, 83),
(1108, 83),
(1109, 83),
(1111, 83),
(1118, 83),
(1119, 83),
(1122, 83),
(1123, 83),
(1125, 83),
(1126, 83),
(1127, 83),
(1129, 83),
(1130, 83),
(1132, 83),
(1134, 83),
(1135, 83),
(1136, 83),
(1137, 83),
(1138, 83),
(1139, 83),
(1142, 83),
(1143, 83),
(1146, 83),
(1147, 83),
(1150, 83),
(1151, 83),
(1153, 83),
(1154, 83),
(1155, 83),
(1156, 83),
(1157, 83),
(1158, 83),
(1159, 83),
(1161, 83),
(1163, 83),
(1164, 83),
(1165, 83),
(1166, 83),
(1167, 83),
(1168, 83),
(1169, 83),
(1170, 83),
(1172, 83),
(1173, 83),
(1176, 83),
(1177, 83),
(1178, 83),
(1180, 83),
(1181, 83),
(1182, 83),
(1185, 83),
(1186, 83),
(1189, 83),
(1193, 83),
(1194, 83),
(1195, 83),
(1197, 83),
(1198, 83),
(1199, 83),
(1200, 83),
(1201, 83),
(1202, 83),
(1203, 83),
(1204, 83),
(1205, 83),
(1206, 83),
(1207, 83),
(1208, 83),
(1209, 83),
(1210, 83),
(1211, 83),
(1212, 83),
(1213, 83),
(1214, 83),
(1215, 83),
(1216, 83),
(1217, 83),
(1218, 83),
(1219, 83),
(1220, 83),
(1221, 83),
(1222, 83),
(1223, 83),
(1224, 83),
(1225, 83),
(1346, 83),
(1347, 83),
(61, 85),
(62, 85),
(557, 85),
(558, 85),
(603, 85),
(604, 85),
(1061, 85),
(1226, 85),
(1227, 85),
(1228, 85),
(1229, 85),
(1230, 85),
(1232, 85),
(1233, 85),
(1234, 85),
(1235, 85),
(1236, 85),
(1237, 85),
(1238, 85),
(1239, 85),
(1240, 85),
(1241, 85),
(1242, 85),
(1243, 85),
(1244, 85),
(1245, 85),
(1247, 85),
(1248, 85),
(1249, 85),
(1250, 85),
(1251, 85),
(1252, 85),
(1253, 85),
(1254, 85),
(1255, 85),
(1256, 85),
(1257, 85),
(1258, 85),
(1259, 85),
(1260, 85),
(1261, 85),
(1262, 85),
(1264, 85),
(1265, 85),
(1266, 85),
(1267, 85),
(1268, 85),
(1269, 85),
(1270, 85),
(1271, 85),
(1272, 85),
(1273, 85),
(1274, 85),
(1275, 85),
(1276, 85),
(1277, 85),
(1278, 85),
(1279, 85),
(1280, 85),
(1281, 85),
(1370, 85),
(1371, 85),
(1499, 85),
(1726, 85),
(1727, 85),
(1738, 85),
(1739, 85),
(1282, 86),
(1283, 86),
(1284, 86),
(1285, 86),
(1286, 86),
(1287, 86),
(1288, 86),
(1289, 86),
(1290, 86),
(1291, 86),
(1292, 86),
(1293, 86),
(1295, 86),
(1296, 86),
(1297, 86),
(1298, 86),
(1299, 86),
(1300, 86),
(1301, 86),
(1302, 86),
(1303, 86),
(1304, 86),
(1305, 86),
(1306, 86),
(1307, 86),
(1308, 86),
(1309, 86),
(1310, 86),
(1311, 86),
(1312, 86),
(1314, 86),
(1317, 86),
(1318, 86),
(1319, 86),
(1320, 86),
(1321, 86),
(1322, 86),
(1324, 86),
(1325, 86),
(1326, 86),
(1327, 86),
(1328, 86),
(1329, 86),
(1330, 86),
(1331, 86),
(1332, 86),
(1334, 86),
(1336, 86),
(1337, 86),
(1339, 86),
(1340, 86),
(1341, 86),
(1342, 86),
(1343, 86),
(1344, 86),
(1345, 86),
(1346, 86),
(1347, 86),
(1348, 86),
(1348, 87),
(1349, 88),
(62, 89),
(63, 89),
(64, 89),
(65, 89),
(66, 89),
(1276, 89),
(1350, 89),
(1351, 89),
(1353, 89),
(1354, 89),
(1355, 89),
(1356, 89),
(1357, 89),
(1358, 89),
(1359, 89),
(1360, 89),
(1361, 89),
(1362, 89),
(1363, 89),
(1365, 89),
(1366, 89),
(1367, 89),
(1368, 89),
(1369, 89),
(1370, 89),
(1371, 89),
(1372, 89),
(1373, 89),
(1726, 89),
(1739, 89),
(117, 90),
(118, 90),
(119, 90),
(796, 91),
(1374, 91),
(1375, 91),
(1376, 91),
(1377, 91),
(1378, 91),
(1379, 91),
(1380, 91),
(1381, 91),
(1483, 91),
(1591, 91),
(1596, 91),
(1597, 91),
(113, 94),
(313, 94),
(314, 94),
(316, 94),
(1382, 94),
(1383, 94),
(1384, 94),
(1386, 94),
(1387, 94),
(1389, 94),
(1390, 94),
(1391, 94),
(1392, 94),
(1393, 94),
(1394, 94),
(1395, 94),
(1396, 94),
(1397, 94),
(1398, 94),
(1399, 94),
(1400, 94),
(1401, 94),
(1402, 94),
(1403, 94),
(1404, 94),
(1405, 94),
(1406, 94),
(1409, 94),
(1410, 94),
(1411, 94),
(1412, 94),
(1413, 94),
(1415, 94),
(1417, 94),
(1418, 94),
(1419, 94),
(1420, 94),
(1421, 94),
(1422, 94),
(1423, 94),
(1424, 94),
(1425, 94),
(1426, 94),
(1428, 94),
(1429, 94),
(1430, 94),
(1432, 94),
(1434, 94),
(1435, 94),
(1436, 94),
(1437, 94),
(1438, 94),
(1440, 94),
(1441, 94),
(1442, 94),
(1443, 94),
(1444, 94),
(1447, 94),
(1448, 94),
(1449, 94),
(1450, 94),
(1451, 94),
(1452, 94),
(1454, 94),
(1455, 94),
(1655, 94),
(1656, 94),
(1657, 94),
(1667, 94),
(1728, 94),
(1456, 99),
(1456, 100),
(1457, 100),
(1458, 102),
(1459, 102),
(1460, 102),
(1462, 102),
(1464, 102),
(1465, 102),
(74, 105),
(1466, 105),
(1467, 105),
(1468, 105),
(1469, 105),
(1470, 105),
(1471, 105),
(1472, 105),
(1473, 105),
(1474, 105),
(1476, 105),
(1479, 105),
(1480, 113),
(1481, 113),
(1482, 113),
(1483, 113),
(1661, 113),
(1484, 116),
(1277, 118),
(1278, 118),
(1279, 118),
(1280, 118),
(1485, 118),
(1487, 118),
(1488, 118),
(1489, 118),
(1490, 118),
(1492, 118),
(1493, 118),
(1494, 118),
(1495, 118),
(1496, 118),
(1497, 118),
(1498, 118),
(1499, 118),
(1500, 123),
(1501, 125),
(551, 130),
(1502, 130),
(1504, 130),
(1505, 130),
(1506, 130),
(1507, 130),
(1508, 130),
(1509, 130),
(1510, 130),
(1511, 130),
(1512, 130),
(1513, 130),
(1514, 130),
(1515, 130),
(1517, 130),
(1518, 130),
(1519, 130),
(1520, 130),
(1521, 130),
(1522, 130),
(1523, 130),
(1524, 130),
(1526, 130),
(1527, 130),
(1528, 130),
(1529, 130),
(1530, 130),
(1531, 130),
(1532, 130),
(1533, 130),
(1534, 130),
(1535, 130),
(1536, 130),
(1539, 130),
(1540, 130),
(1541, 130),
(1542, 130),
(1543, 130),
(1544, 130),
(1545, 130),
(1546, 130),
(1547, 130),
(1548, 130),
(1549, 130),
(1550, 130),
(1551, 130),
(1552, 130),
(150, 136),
(221, 136),
(312, 136),
(794, 136),
(795, 136),
(796, 136),
(1379, 136),
(1380, 136),
(1381, 136),
(1483, 136),
(1553, 136),
(1554, 136),
(1555, 136),
(1556, 136),
(1557, 136),
(1558, 136),
(1559, 136),
(1560, 136),
(1561, 136),
(1562, 136),
(1563, 136),
(1564, 136),
(1565, 136),
(1566, 136),
(1567, 136),
(1568, 136),
(1569, 136),
(1570, 136),
(1571, 136),
(1572, 136),
(1573, 136),
(1574, 136),
(1575, 136),
(1576, 136),
(1577, 136),
(1578, 136),
(1579, 136),
(1580, 136),
(1581, 136),
(1582, 136),
(1583, 136),
(1584, 136),
(1585, 136),
(1586, 136),
(1587, 136),
(1588, 136),
(1589, 136),
(1590, 136),
(1591, 136),
(1592, 136),
(1593, 136),
(1594, 136),
(1595, 136),
(1596, 136),
(1597, 136),
(1598, 139),
(1450, 141),
(79, 143),
(310, 143),
(316, 143),
(479, 143),
(480, 143),
(551, 143),
(1454, 143),
(1455, 143),
(1599, 143),
(1600, 143),
(1601, 143),
(1602, 143),
(1604, 143),
(1605, 143),
(1606, 143),
(1608, 143),
(1609, 143),
(1611, 143),
(1612, 143),
(1613, 143),
(1614, 143),
(1615, 143),
(1616, 143),
(1617, 143),
(1618, 143),
(1619, 143),
(1620, 143),
(1621, 143),
(1622, 143),
(1623, 143),
(1624, 143),
(1625, 143),
(1626, 143),
(1627, 143),
(1630, 143),
(1632, 143),
(1633, 143),
(1634, 143),
(1635, 143),
(1636, 143),
(1637, 143),
(1639, 143),
(1640, 143),
(1641, 143),
(1643, 143),
(1644, 143),
(1645, 143),
(1646, 143),
(1647, 143),
(1648, 143),
(1649, 143),
(1650, 143),
(1651, 143),
(1652, 143),
(1653, 143),
(1654, 143),
(1655, 143),
(1656, 143),
(1657, 143),
(797, 144),
(798, 144),
(799, 144),
(800, 144),
(1658, 144),
(1660, 144),
(1661, 144),
(1662, 144),
(1663, 144),
(1664, 145),
(1665, 147),
(1667, 151),
(312, 152),
(1591, 152),
(1668, 152),
(1669, 152),
(1670, 152),
(1671, 152),
(1672, 152),
(1673, 152),
(1674, 152),
(1675, 152),
(1678, 152),
(1679, 152),
(1680, 152),
(59, 157),
(65, 157),
(68, 157),
(69, 157),
(70, 157),
(581, 157),
(582, 157),
(763, 157),
(764, 157),
(1372, 157),
(1373, 157),
(1654, 157),
(1681, 157),
(1682, 157),
(1683, 157),
(1684, 157),
(1685, 157),
(1686, 157),
(1687, 157),
(1689, 157),
(1690, 157),
(1691, 157),
(1692, 157),
(1693, 157),
(1694, 157),
(1695, 157),
(1697, 157),
(1699, 157),
(1700, 157),
(1701, 157),
(1702, 157),
(1703, 157),
(1704, 157),
(1705, 157),
(1706, 157),
(1707, 157),
(1708, 157),
(1709, 157),
(1710, 157),
(1711, 157),
(1712, 157),
(1713, 157),
(1714, 157),
(1715, 157),
(1716, 157),
(1717, 157),
(1718, 157),
(1719, 157),
(1720, 157),
(1721, 157),
(1722, 157),
(1723, 157),
(1724, 157),
(1725, 157),
(1726, 157),
(1727, 157),
(1728, 157),
(765, 159),
(766, 159),
(767, 159),
(768, 159),
(769, 159),
(1729, 159),
(1730, 159),
(1731, 159),
(1732, 159),
(1733, 159),
(1734, 159),
(1735, 159),
(1736, 159),
(1737, 159),
(1738, 160),
(125, 161),
(1741, 161),
(1744, 161),
(1750, 161),
(1754, 161),
(1763, 161),
(1764, 161),
(1766, 161),
(1767, 161),
(1769, 161),
(1772, 161),
(1775, 161),
(115, 162),
(1740, 162),
(1777, 162),
(1778, 162),
(1779, 162),
(1780, 162),
(1782, 162),
(1783, 162),
(1784, 162),
(1785, 162),
(1786, 162),
(1787, 162),
(1788, 162),
(1457, 163),
(1789, 163);

-- --------------------------------------------------------

--
-- Table structure for table `drink`
--

CREATE TABLE IF NOT EXISTS `drink` (
  `drinkid` int(11) NOT NULL,
  `name` varchar(150) NOT NULL,
  `drinktypeid` int(11) NOT NULL,
  PRIMARY KEY (`drinkid`),
  KEY `drinktypeid` (`drinktypeid`)
) ENGINE=InnoDB DEFAULT CHARSET=latin1;

--
-- Dumping data for table `drink`
--

INSERT INTO `drink` (`drinkid`, `name`, `drinktypeid`) VALUES
(0, 'Magic Hat', 1),
(1, 'Samuel Adams', 1),
(2, 'Miller', 1),
(3, 'Budweiser', 1),
(4, 'Corona', 1),
(5, 'Guinness', 1),
(6, 'Coors', 1),
(7, 'Kingfisher', 1),
(8, 'Yuengling', 1),
(9, 'Crown', 1),
(10, 'Heineken', 1),
(11, 'Keystone', 1),
(12, 'Pilsner', 1),
(13, 'Harveys', 1),
(14, 'Fullers', 1),
(15, 'Bud Light', 1),
(16, 'Anheuser Busch', 1),
(17, 'Busch', 1),
(18, 'Charger', 1),
(19, 'Moosehead', 1),
(20, 'Pinot Noir', 0),
(21, 'Sauvignon Blanc', 0),
(22, 'Cabernet Franc', 0),
(23, 'Chardonnay', 0),
(24, 'Zinfandel', 0),
(25, 'Black Muscat', 0),
(26, 'Moscato', 0),
(27, 'Merlot', 0),
(28, 'Bordeaux', 0),
(29, 'Sherry', 0),
(30, 'Port', 0),
(31, 'Marsala', 0),
(32, 'Madeira', 0),
(33, 'Champagne', 0),
(34, 'Cabernet Sauvignon', 0),
(35, 'Petit Verdot', 0),
(36, 'Carignane', 0),
(37, 'Alicante Bouschet', 0),
(38, 'Shiraz', 0),
(39, 'Sangiovese', 0),
(40, 'Whiskey', 2),
(41, 'Vodka', 2),
(42, 'Gin', 2),
(43, 'Tequila', 2),
(44, 'Rum', 2),
(45, 'Brandy', 2),
(46, 'Bourbon', 2),
(47, 'Cognac', 2),
(48, 'Scotch', 2),
(60, 'Americano', 3),
(61, 'Caffe Latte', 3),
(62, 'Cafe Macchiato', 3),
(63, 'Cappuccino', 3),
(64, 'Frappe', 3),
(65, 'Iced Coffee', 3),
(66, 'Mocha', 3),
(67, 'Chai Latte', 3),
(68, 'Regular Coffee', 3),
(69, 'Decaf Coffee', 3),
(70, 'Black tea', 4),
(71, 'Oolong', 4),
(72, 'White tea', 4),
(73, 'Green tea', 4),
(74, 'Maccha', 4),
(75, 'Yellow tea', 4),
(76, 'Pu-erh tea', 4),
(77, 'Gun powder tea', 4),
(78, 'Iced tea', 4),
(79, 'Chai tea', 4),
(80, 'Root beer', 5),
(81, 'Dr Pepper', 5),
(82, 'Coca Cola', 5),
(83, 'Pepsi', 5),
(84, 'Sprite', 5),
(85, 'Sunkist', 5),
(86, 'Mountain Dew', 5),
(87, 'Mello Yellow', 5),
(88, 'Fanta', 5),
(89, 'Diet Cola', 5),
(90, 'Spring Water', 6),
(91, 'Purified Water', 6),
(92, 'Mineral Water', 6),
(93, 'Sparkling Bottled Water', 6),
(94, 'Artesian Water', 6),
(95, 'Milk', 8),
(96, 'Chocolate Milk', 8),
(97, 'Strawberry Milk', 8),
(98, 'Egg Nog', 8),
(99, 'Smoothie', 8),
(100, 'Apple Juice', 7),
(101, 'Cranberry Juice', 7),
(102, 'Orange Juice', 7),
(103, 'Grape Juice', 7),
(104, 'Grapefruit Juice', 7),
(105, 'Lemonade', 7),
(106, 'Mango Juice', 7),
(107, 'Papaya Juice', 7),
(108, 'Pomegranate Juice', 7),
(109, 'Strawberry Juice', 7),
(110, 'Pear Juice', 7),
(111, 'Peach Juice', 7),
(112, 'Watermellon Juice', 7),
(113, 'Nectarine Juice', 7),
(114, 'Pineapple Juice', 7),
(115, 'Blueberry Juice', 7),
(116, 'Starfruit Juice', 7),
(117, 'Rasberry Juice', 7),
(118, 'Cherry Juice', 7),
(119, 'Apricot Juice', 7);

-- --------------------------------------------------------

--
-- Table structure for table `drinktype`
--

CREATE TABLE IF NOT EXISTS `drinktype` (
  `drinktypeid` int(11) NOT NULL,
  `drinktypename` varchar(100) NOT NULL,
  `alcoholic` varchar(5) NOT NULL,
  PRIMARY KEY (`drinktypeid`)
) ENGINE=InnoDB DEFAULT CHARSET=latin1;

--
-- Dumping data for table `drinktype`
--

INSERT INTO `drinktype` (`drinktypeid`, `drinktypename`, `alcoholic`) VALUES
(0, 'Wine', 'Yes'),
(1, 'Beer', 'Yes'),
(2, 'Hard Liquor', 'Yes'),
(3, 'Coffee', 'No'),
(4, 'Tea', 'No'),
(5, 'Soda', 'No'),
(6, 'Water', 'No'),
(7, 'Juice', 'No'),
(8, 'Milk Based', 'No');

-- --------------------------------------------------------

--
-- Table structure for table `ingredients`
--

CREATE TABLE IF NOT EXISTS `ingredients` (
  `ingredientid` int(11) NOT NULL AUTO_INCREMENT,
  `name` varchar(300) NOT NULL,
  PRIMARY KEY (`ingredientid`)
) ENGINE=InnoDB  DEFAULT CHARSET=latin1 AUTO_INCREMENT=1753 ;

--
-- Dumping data for table `ingredients`
--

INSERT INTO `ingredients` (`ingredientid`, `name`) VALUES
(1, 'Peach'),
(2, 'Noni'),
(3, 'Candlenut'),
(4, 'Bamboo shoot'),
(5, 'Inga edulis'),
(6, 'Kiwifruit'),
(7, 'Ximenia americana'),
(8, 'Hot sauce'),
(9, 'Rowan'),
(10, 'Truffle'),
(11, 'Maple sugar'),
(12, 'Vanilla Ice Cream'),
(13, 'Ras el hanout'),
(14, 'Heering Cherry Liqueur'),
(15, 'Cladosiphon okamuranus'),
(16, 'Fruit juice'),
(17, 'Natural brown sugar'),
(18, 'Dough'),
(19, 'dried mixed (Rainbow) peppercorns'),
(20, 'Amethyst Bamboo salt'),
(21, 'Matiz Mediterrneo - Smoked Sea Salt'),
(22, 'Acerola'),
(23, 'Asparagus'),
(24, 'Club soda'),
(25, 'T55 flour'),
(26, 'Granary flour'),
(27, 'Wheat flour'),
(28, 'Sugar'),
(29, 'Camu Camu'),
(30, 'Apple cider'),
(31, 'Salad dressing spread'),
(32, 'Chaga mushroom'),
(33, 'Mullein'),
(34, 'Lemon'),
(35, 'Capellini'),
(36, 'Snickers'),
(37, 'Celeriac'),
(38, 'Scallion'),
(39, 'Monstera deliciosa'),
(40, 'Mastic'),
(41, 'Italian 1 flour'),
(42, 'Maida flour'),
(43, 'Portabella mushroom'),
(44, 'Butter'),
(45, 'Eucalyptus'),
(46, 'Marsala wine'),
(47, 'Butterscotch chip'),
(48, 'Guanciale'),
(49, 'Dry White Wine'),
(50, 'Brown mustard'),
(51, 'Pancetta'),
(52, 'Mesquite flour'),
(53, 'Tomato'),
(54, 'Ara (fish)'),
(55, 'Ayu'),
(56, 'Good King Henry'),
(57, 'Corn kernels'),
(58, 'Veal'),
(59, 'Giant Lobster'),
(60, 'Melodorum leichhardtii'),
(61, 'Alaea salt'),
(62, 'Viburnum opulus'),
(63, 'Ice'),
(64, 'QK-77'),
(65, 'Rubus phoenicolasius'),
(66, 'Winter melon'),
(67, 'Nashi Pear'),
(68, 'Ginger beer'),
(69, 'Balsamic vinegar'),
(70, 'Tilefish'),
(71, 'Tomato juice'),
(72, 'Cod Soft Roe'),
(73, 'minced beef'),
(74, 'Exocarpus cupressiformis'),
(75, 'Garlic salt'),
(76, 'Blue crab'),
(77, 'Eugenia stipitata'),
(78, 'Macadamia'),
(79, 'Somen'),
(80, 'Cauliflower'),
(81, 'Roe'),
(82, 'Crme de Cassis'),
(83, 'Becherovka'),
(84, 'Bean sprouts'),
(85, 'Verbena'),
(86, 'Shahe fen'),
(87, 'Fusilli'),
(88, 'Chaat masala'),
(89, 'Creole Mustard'),
(90, 'Moringa oleifera'),
(91, 'Pili nut'),
(92, 'Garnish'),
(93, 'Royal icing'),
(94, 'Rum'),
(95, 'Split pea'),
(96, 'Papaya Juice'),
(97, 'Pigeon plum'),
(98, 'Harrison Cider Apple'),
(99, 'Velvet De Guerande - by Le Tresor'),
(100, 'Filler'),
(101, 'Lingzhi'),
(102, 'Rice wine'),
(103, 'Broccoflower'),
(104, 'Pear'),
(105, 'Mushroom'),
(106, 'Crassocephalum'),
(107, 'Nutella'),
(108, 'Melastoma affine'),
(109, 'Kai-lan'),
(110, 'Grape seed extract'),
(111, 'Creme de Noyaux'),
(112, 'Ground meat'),
(113, 'Sinapis'),
(114, 'Sweetcorn'),
(115, 'Vinegar'),
(116, 'Calendula'),
(117, 'Tagliatelle'),
(118, 'Malagueta pepper'),
(119, 'Red sea bream'),
(120, 'Chickpea'),
(121, 'Corn syrup'),
(122, 'Einkorn flour'),
(123, 'Rosewater'),
(124, 'Fregula'),
(125, 'Flat Iron steak'),
(126, 'Pinole'),
(127, 'Cardamom'),
(128, 'Ostrich meat'),
(129, 'Sesame'),
(130, 'T450 flour'),
(131, 'coarsely grated cheddar'),
(132, 'Blackberry'),
(133, 'Pizza sauce'),
(134, 'Citric acid'),
(135, 'Champagne'),
(136, 'Lichido'),
(137, 'Fast Green FCF'),
(138, 'Pimenton'),
(139, 'Brown bread'),
(140, 'Blue cheese dressing'),
(141, 'Lcuma'),
(142, 'Black bean paste'),
(143, 'Romaine lettuce'),
(144, 'Cencioni'),
(145, 'Amorphophallus paeoniifolius'),
(146, 'Gin'),
(147, 'Bean'),
(148, 'Foie gras'),
(149, 'Bulgur'),
(150, 'Mesquite'),
(151, 'Edible mushroom'),
(152, 'Curd'),
(153, 'Caraway'),
(154, 'Persimmon'),
(155, 'Granny Smith'),
(156, 'Collagen'),
(157, 'Poolish'),
(158, 'Tonic water'),
(159, 'Gnaphalium'),
(160, 'Kosher Salt'),
(161, 'Orgeat syrup'),
(162, 'Shortening'),
(163, 'Provolone'),
(164, 'Masa'),
(165, 'Pepperoncini'),
(166, 'Rolled oats'),
(167, 'Yam'),
(168, 'Saigon Cinnamon'),
(169, 'Cherry'),
(170, 'Ricotta forte'),
(171, 'Bacon Drippings'),
(172, 'Camassia'),
(173, 'Carpobrotus rossii'),
(174, 'Osmorhiza'),
(175, 'Mucuna pruriens'),
(176, 'Flax'),
(177, 'Cheddar cheese'),
(178, 'Soursop'),
(179, 'Ouzo'),
(180, 'Caffeine'),
(181, 'Mussel'),
(182, 'Lard'),
(183, 'Green tea'),
(184, 'Chorizo'),
(185, 'Alkanet'),
(186, 'Hyssop'),
(187, 'Papohaku white salt'),
(188, 'Vegetable Oil'),
(189, 'Pickling spice'),
(190, 'Quail meat'),
(191, 'Cream of mushroom soup'),
(192, 'Lasagnette'),
(193, 'Hijiki'),
(194, 'Spaghetti'),
(195, 'Psoralea esculenta'),
(196, 'Carambola'),
(197, 'Taisho  Shrimp'),
(198, 'Whipped cream'),
(199, 'Rubus rosifolius'),
(200, 'Asyura Oyster'),
(201, 'Amaretto'),
(202, 'Pimento'),
(203, 'Ube'),
(204, 'Coffee'),
(205, 'Cocoa solids'),
(206, 'Cream soda'),
(207, 'Ground cinnamon'),
(208, 'King Arthur Sir Lancelot Unbleached Hi-Gluten Flour'),
(209, 'Farine de meule (T850)'),
(210, 'Beef Round Top(Inside) Round Steak'),
(211, 'Desert Lime'),
(212, 'Soybean'),
(213, 'Peanut butter'),
(214, 'Diploglottis campbellii'),
(215, 'Chard'),
(216, 'Lemonade'),
(217, 'Khmeli suneli'),
(218, 'Crown Royal'),
(219, 'Sweet Red Vermouth'),
(220, 'Cracked pepper'),
(221, 'Fish sauce'),
(222, 'Catfish'),
(223, 'Grated parmesan'),
(224, 'Tomato paste'),
(225, 'Dried Abalone'),
(226, 'Canola Oil'),
(227, 'Kingston Black Apple'),
(228, 'Welsh onion'),
(229, 'Salsa verde'),
(230, 'Goumi'),
(231, 'Pork loin'),
(232, 'Gold Medal Organic Unbleached Flour'),
(233, 'Quinoa'),
(234, 'Conger'),
(235, 'chopped fresh thyme leaves'),
(236, 'T45 flour'),
(237, 'Sirloin tip'),
(238, 'Irish Cream'),
(239, 'Pitaya'),
(240, 'Cloudberry'),
(241, 'Citrus limetta'),
(242, 'Endive'),
(243, 'Bagoong Monamon'),
(244, 'Marang'),
(245, 'Midori liqueur'),
(246, 'Mixed salad greens'),
(247, 'Blood'),
(248, 'Nepeta'),
(249, 'Lamb'),
(250, 'Mascarpone'),
(251, 'Elymus repens'),
(252, 'Iceburg Lettuce'),
(253, 'Oxtail'),
(254, 'Fernet Branca'),
(255, 'Orzo'),
(256, 'Perilla frutescens'),
(257, 'Spinach'),
(258, 'Food coloring'),
(259, 'Italian dressing'),
(260, 'Goat Milk'),
(261, 'Turnip'),
(262, 'Chuck roast'),
(263, 'Scutellaria costaricana'),
(264, 'Miso'),
(265, 'Moth bean'),
(266, 'Bourbon whiskey'),
(267, 'Aperol'),
(268, 'Cyperus esculentus'),
(269, 'Apple Vodka'),
(270, 'Mustard Greens'),
(271, 'Jalap'),
(272, 'PAMA pomegranate flavoured liquor'),
(273, 'Stottie cake'),
(274, 'Glutenin'),
(275, 'Garden cress'),
(276, 'Feta'),
(277, 'Pepperoni'),
(278, 'Mustard seed'),
(279, 'Cheese'),
(280, 'Black tea'),
(281, 'Common Purslane'),
(282, 'Evaporated milk'),
(283, 'Common sage'),
(284, 'Rose''s Lime Juice'),
(285, 'Angostura bitters'),
(286, 'Cucumis anguria'),
(287, 'Rye flour'),
(288, 'Cinnamon Myrtle'),
(289, 'Guinea Fowl'),
(290, 'Marrubium vulgare'),
(291, 'Crab meat'),
(292, 'Crab'),
(293, 'Syrup'),
(294, 'Sturgeon'),
(295, 'Sherry'),
(296, 'Beer'),
(297, 'Wild ginger'),
(298, 'Trapani salt'),
(299, 'Diced tomatoes'),
(300, 'Mexican rice'),
(301, 'Rice flour'),
(302, 'Sutherlandia Frutescens'),
(303, 'Egg yolk'),
(304, 'Annona'),
(305, 'Burgundy wine'),
(306, 'Lemon pepper'),
(307, 'Rumex'),
(308, 'Kinoko Mushroom'),
(309, 'Honey'),
(310, 'Damper'),
(311, 'Buffaloberry'),
(312, 'Snap pea'),
(313, 'Shanghai Crab'),
(314, 'Bird''s Nest'),
(315, 'Udon'),
(316, 'Hibiscus'),
(317, 'Oyster mushroom'),
(318, 'Porter'),
(319, 'Dark Rum'),
(320, 'Phyllo'),
(321, 'black pepper'),
(322, 'Light rum'),
(323, 'Managatsuo Tuna'),
(324, 'Moonshine'),
(325, 'Maboroshi Plum salt'),
(326, 'Aguas frescas'),
(327, 'Collard greens'),
(328, 'Pici'),
(329, 'Eupomatia laurina'),
(330, 'Galium aparine'),
(331, 'Juice'),
(332, 'Baking powder'),
(333, 'Flake salt'),
(334, 'Pea'),
(335, 'Caulerpa'),
(336, 'Oregano'),
(337, 'Carola'),
(338, 'Nance'),
(339, 'Ipomoea aquatica'),
(340, 'Scrophularia'),
(341, 'Granola'),
(342, 'Dried fruit'),
(343, 'Limnophila aromatica'),
(344, 'Resistant starch'),
(345, 'Summer savory'),
(346, 'Black sapote'),
(347, 'Wild mushroom'),
(348, 'Poultry seasoning'),
(349, 'Brandy'),
(350, 'Puff pastry'),
(351, 'Fleur de sel'),
(352, 'Miracle Whip'),
(353, 'Dog meat'),
(354, 'Rice vermicelli'),
(355, 'Seakale'),
(356, 'Cempedak'),
(357, 'Strained yoghurt'),
(358, 'Copha'),
(359, 'Navy Beans'),
(360, 'safflower oil'),
(361, 'Cod Roe'),
(362, 'Black Pig'),
(363, 'Long pepper'),
(364, 'Tangerine'),
(365, 'Edelweiss'),
(366, 'Amaretto Almond liqueur'),
(367, 'Splenda'),
(368, 'Epazote'),
(369, 'Bactris gasipaes'),
(370, 'low sodium soy sauce'),
(371, 'Readily digestible starch'),
(372, 'Caryocar brasiliense'),
(373, 'Lillet'),
(374, 'Mulberry'),
(375, 'Sptzle'),
(376, 'Primula'),
(377, 'Cranberry'),
(378, 'Sour cream'),
(379, 'Glutinous rice'),
(380, 'Pandan Rice'),
(381, 'garlic cloves'),
(382, 'Sea urchin'),
(383, 'Levain'),
(384, 'Dried chilli'),
(385, 'Solanum muricatum'),
(386, 'Rhubarb'),
(387, 'Arctostaphylos uva-ursi'),
(388, 'Jasmine rice'),
(389, 'Komatsuna'),
(390, 'Tamarind'),
(391, 'Bacon bits'),
(392, 'Aspartame'),
(393, 'Ephedra'),
(394, 'Oil'),
(395, 'Guar'),
(396, 'Ligonberry'),
(397, 'Humulus lupulus'),
(398, 'Patagonian toothfish'),
(399, 'Port wine'),
(400, 'Opuntia'),
(401, 'Buckwheat flour'),
(402, 'Charcuterie'),
(403, 'Sorbus'),
(404, 'Cracker'),
(405, 'Sassafras'),
(406, 'Mamoncillo'),
(407, 'urad dal'),
(408, 'Monarda didyma'),
(409, 'Blood orange'),
(410, 'Maple syrup'),
(411, 'Orange juice'),
(412, 'Condensed milk'),
(413, 'Yuzu'),
(414, 'Ylang-ylang'),
(415, 'Chokeberry'),
(416, 'Nelumbo nucifera'),
(417, 'Advieh'),
(418, 'Grand Marnier'),
(419, 'Rambutan'),
(420, 'Sea cucumber'),
(421, 'Maraschino'),
(422, 'Quandong'),
(423, 'Daikon'),
(424, 'Scotch whisky'),
(425, 'Duck meat'),
(426, 'Rotelle'),
(427, 'Kale'),
(428, 'Rock samphire'),
(429, 'Fried onion'),
(430, 'Tangelo'),
(431, 'Passion fruit'),
(432, 'Curry powder'),
(433, 'Sardine'),
(434, 'Golden samphire'),
(435, 'Lemon peel'),
(436, 'Pasta'),
(437, 'Motherwort'),
(438, 'Peacotum'),
(439, 'Carbohydrate'),
(440, 'Mandarin orange'),
(441, 'Herbes de Provence'),
(442, 'Vermicelli'),
(443, 'Salak'),
(444, 'Baileys Irish Cream'),
(445, 'Semolina'),
(446, 'Nonpareils'),
(447, 'Houttuynia'),
(448, 'Toyon'),
(449, 'Ulluco'),
(450, 'Campari'),
(451, 'Hoisin sauce'),
(452, 'Davidsonia'),
(453, 'Crab boil'),
(454, 'Twinleaf onion'),
(455, 'Neem'),
(456, 'Horchata'),
(457, 'Laver'),
(458, 'Madras Thorn'),
(459, 'Key lime'),
(460, 'Catsear'),
(461, 'Wholegrain mustard'),
(462, 'Zest'),
(463, 'Orange Pekoe'),
(464, 'Black salsify'),
(465, 'Baobab'),
(466, 'Canistel'),
(467, 'Granadilla'),
(468, 'Loquat'),
(469, 'White Crab Mushroom'),
(470, 'Flour tortilla'),
(471, 'Ogonori'),
(472, 'Cephalopod ink'),
(473, 'Daylily'),
(474, 'Lime'),
(475, 'Kumel'),
(476, 'Barbarea verna'),
(477, 'Orris root'),
(478, 'Zedoary'),
(479, 'Buttermilk'),
(480, 'Liquid Smoke'),
(481, 'Acronychia oblongifolia'),
(482, 'King Arthur Unbleached Bread Flour flour'),
(483, 'Amaranth'),
(484, 'SAF Perfect Rise Gourmet Yeast'),
(485, 'Millet flour'),
(486, 'Fiddlehead'),
(487, 'Five-spice powder'),
(488, 'Olallieberry'),
(489, 'Ramsons'),
(490, 'Lemon myrtle'),
(491, 'Mamey sapote'),
(492, 'Spondias'),
(493, 'Spiny lobster'),
(494, 'Mezcal'),
(495, 'Pitted dates'),
(496, 'Clover'),
(497, 'Crayfish'),
(498, 'Hardy Kiwi'),
(499, 'Buddha''s hand'),
(500, 'Pie crust'),
(501, 'Panko'),
(502, 'noodles'),
(503, 'Abiu'),
(504, 'Aubergine'),
(505, 'Plain fat-free yogurt'),
(506, 'Ensete'),
(507, 'Rose hip'),
(508, 'Fines herbes'),
(509, 'Soba'),
(510, 'Cream'),
(511, 'Pigeon pea'),
(512, 'European Cornel'),
(513, 'Worcestershire sauce'),
(514, 'Lime Juice'),
(515, 'Kombu'),
(516, 'Red Leaf Lettuce'),
(517, 'Lathyrus sativus'),
(518, 'Hamaguri Clams'),
(519, 'Ackee'),
(520, 'Jack Daniel''s'),
(521, 'Coconut oil'),
(522, 'Lanterne'),
(523, 'Thyme leaves'),
(524, 'Italian 0 flour'),
(525, 'Bleached All-purpose flour'),
(526, 'Jameson Irish Whiskey'),
(527, 'Cassava flour'),
(528, 'Mountain Skullcap'),
(529, 'SAF Traditional Active Dry Perfect Rise Yeast'),
(530, 'Grains of Selim'),
(531, 'Medlar'),
(532, 'Sweet and sour mix'),
(533, 'Pecorino Romano'),
(534, 'Apple Schnapps'),
(535, 'Marsh Labrador Tea'),
(536, 'Bay leaf'),
(537, 'Sea salt'),
(538, 'Pine nut'),
(539, 'Lettuce'),
(540, 'Shellfish'),
(541, 'Green chilies'),
(542, 'Yellow food coloring'),
(543, 'Lavender'),
(544, 'Stachys affinis'),
(545, 'Physalis minima'),
(546, 'Vicia faba'),
(547, 'Carbonated water'),
(548, 'Tahini'),
(549, 'Sauerkraut'),
(550, 'Roux'),
(551, 'Meadowsweet'),
(552, 'Cyprus Brandy'),
(553, 'Chili powder'),
(554, 'Poblano'),
(555, 'Savoy cabbage'),
(556, 'White truffle oil'),
(557, 'Irish whiskey'),
(558, 'Ground red pepper'),
(559, 'Red onion'),
(560, 'Graham flour'),
(561, 'Arracacha'),
(562, 'Coriander'),
(563, 'Caramel'),
(564, 'Alphabets'),
(565, 'Strawberry guava'),
(566, 'Blackthorn'),
(567, 'Rotini'),
(568, 'Crme de menthe'),
(569, 'Panch phoron'),
(570, 'Macaroni'),
(571, 'Margarine'),
(572, 'Bacardi 151'),
(573, 'Chayote'),
(574, 'Brewer''s yeast'),
(575, 'Mint'),
(576, 'Instant Yeast'),
(577, 'Teff flour'),
(578, 'Pickled tofu'),
(579, 'Garden Strawberry'),
(580, 'Lathyrus tuberosus'),
(581, 'Shrimp paste'),
(582, 'Chocolate'),
(583, 'Jackfruit'),
(584, 'Acorn squash'),
(585, 'Raspberry'),
(586, 'Peppermint schnapps'),
(587, 'Nori'),
(588, 'Shichimi'),
(589, 'Phytolacca americana'),
(590, 'Cassia'),
(591, 'Polygonum'),
(592, 'Horned melon'),
(593, 'Beet Greens'),
(594, 'Lemon balm'),
(595, 'Maitake Mushroom'),
(596, 'Groats'),
(597, 'Physalis peruviana'),
(598, 'Harina especial para freir'),
(599, 'Chaunk'),
(600, 'Freshly ground black pepper'),
(601, 'Hard red spring wheat'),
(602, 'Grapefruit'),
(603, 'Plain low-fat yogurt'),
(604, 'Hamburger bun'),
(605, 'Cremini mushroom'),
(606, 'Glaze'),
(607, 'Dried Apricots'),
(608, 'Saba banana'),
(609, 'Einkorn wheat'),
(610, 'Jinhua Pork'),
(611, 'Taro'),
(612, 'Western griller'),
(613, 'Cake flour'),
(614, 'Pond-apple'),
(615, 'Talinum fruticosum'),
(616, 'Butternut squash'),
(617, 'Tayberry'),
(618, 'Alfalfa sprouts'),
(619, 'Horse meat'),
(620, 'Damson'),
(621, 'Archirhodomyrtus beckleri'),
(622, 'cream of tartar'),
(623, 'Agave nectar'),
(624, 'Ground white pepper'),
(625, 'Spam'),
(626, 'Manilkara kaukii'),
(627, 'Elephant Garlic'),
(628, 'Sea-buckthorn'),
(629, 'Nutmeg'),
(630, 'Lamian'),
(631, 'Squid'),
(632, 'Arugula'),
(633, 'Abalone'),
(634, 'Almond'),
(635, 'Tequila'),
(636, 'Crouton'),
(637, 'Celery'),
(638, 'Creme de cacao'),
(639, 'Feijoa'),
(640, 'Pachyrhizus'),
(641, 'Fondant'),
(642, 'Curaao liqueur'),
(643, 'Cherry Liqueur'),
(644, 'Plantain'),
(645, 'Passion Fruit Juice'),
(646, 'Caigua'),
(647, 'Vegetable extract'),
(648, 'Iguana meat'),
(649, 'Sium sisarum'),
(650, 'Gordon''s Gin'),
(651, 'Penne'),
(652, 'Graham cracker crust'),
(653, 'Shipova'),
(654, 'Japanese amberjack'),
(655, 'Boiled eggs'),
(656, 'Elecampane'),
(657, 'Mishima beef'),
(658, 'Melon liqueur'),
(659, 'Wheatgrass'),
(660, 'Garam masala'),
(661, 'Agar'),
(662, 'Elbow macaroni'),
(663, 'Puy lentil'),
(664, 'Nut'),
(665, 'Durum'),
(666, 'Pecan'),
(667, 'Boesenbergia rotunda'),
(668, 'Chives'),
(669, 'Juniper berry'),
(670, 'Cinnamon'),
(671, 'Guinness'),
(672, 'Tomatillo'),
(673, 'Crowberry'),
(674, 'Dulse'),
(675, 'Piloncillo'),
(676, 'Parsnip'),
(677, 'Dill'),
(678, 'Sloe gin'),
(679, 'Ranch dressing'),
(680, 'Citron'),
(681, 'Asafoetida'),
(682, 'Saury'),
(683, 'Coconut cream'),
(684, 'Blue Curacao'),
(685, 'Cicely'),
(686, 'Kurrat'),
(687, 'Roman Chamomile'),
(688, 'Adjika'),
(689, 'Atriplex'),
(690, 'Pineapple Juice'),
(691, 'Barley malt syrup'),
(692, 'Guaco'),
(693, 'Tulsi'),
(694, 'Elderberry'),
(695, 'Salmonberry'),
(696, 'Egg white'),
(697, 'Graham cracker'),
(698, 'Lemon-lime'),
(699, 'Taco seasoning mix'),
(700, 'Applesauce'),
(701, 'Bonito'),
(702, 'Kirsch'),
(703, 'Thousand Island dressing'),
(704, 'Angelica'),
(705, 'Corn salad'),
(706, 'Sichuan Pepper'),
(707, 'Curly Parsley'),
(708, 'White Self-rising Cornmeal'),
(709, 'Rib eye steak'),
(710, 'Pluot'),
(711, 'Table salt'),
(712, 'Rosemary'),
(713, 'Aonori'),
(714, 'Lemon basil'),
(715, 'Wattleseed'),
(716, 'Sugarcane'),
(717, 'Saltine cracker'),
(718, 'Bouillon'),
(719, 'Chocolate chip'),
(720, 'Fraise de Bois liqueur'),
(721, 'Peppermint'),
(722, 'Vegetable'),
(723, 'Plum'),
(724, 'Pt'),
(725, 'Meat'),
(726, 'Tetragonia'),
(727, 'Harpagophytum'),
(728, 'Dewberry'),
(729, 'Jabuticaba'),
(730, 'Dashi'),
(731, 'Cider'),
(732, 'Apple'),
(733, 'Bitter melon'),
(734, 'Soft drink'),
(735, 'Turmeric'),
(736, 'Amazon Grape'),
(737, 'Podophyllum'),
(738, 'Sourdough'),
(739, 'Pisco'),
(740, 'Beet'),
(741, 'Barley malt'),
(742, 'Clove'),
(743, 'Flax seed'),
(744, 'Ale'),
(745, 'Chicken meat'),
(746, 'Grapefruit juice'),
(747, 'Bael'),
(748, 'Morinda'),
(749, 'Cracker meal'),
(750, 'Fenugreek'),
(751, 'Meringue'),
(752, 'Black pepper'),
(753, 'Genipa americana'),
(754, 'Tamarillo'),
(755, 'Turnip greens'),
(756, 'Buchanania arborescens'),
(757, 'Salt and pepper'),
(758, 'Marjoram'),
(759, 'Jell-O'),
(760, 'Tribulus terrestris'),
(761, 'Short Neck  Clams'),
(762, 'Pink peppercorn'),
(763, 'Eryngium foetidum'),
(764, 'Sirop de Fraise'),
(765, 'Sonchus'),
(766, 'Babaco'),
(767, 'Hyacinth bean'),
(768, 'Purple Passionflower'),
(769, 'Orange bitters'),
(770, 'Agave azul'),
(771, 'Yohimbine'),
(772, 'Muskmelon'),
(773, 'Jim Beam'),
(774, 'Udumbara'),
(775, 'Bilberry'),
(776, 'Ice Plant'),
(777, 'Juniper'),
(778, 'Walnut'),
(779, 'Basil'),
(780, 'Halibut'),
(781, 'Wheat beer'),
(782, 'Fennel'),
(783, 'Biscuit'),
(784, 'Tacamahac'),
(785, 'Botan Shrimp'),
(786, 'Globe artichoke'),
(787, 'Pimm''s'),
(788, 'Schmaltz'),
(789, 'Maize'),
(790, 'Marlin'),
(791, 'Oil palm'),
(792, 'Radish'),
(793, 'Peach pure'),
(794, 'Malibu Rum'),
(795, 'Cooking spray'),
(796, 'Saffron'),
(797, 'Tamari'),
(798, 'Shallot'),
(799, 'Rigatoni'),
(800, 'Brioche'),
(801, 'Oatmeal'),
(802, 'Absinthe'),
(803, 'Pizzoccheri'),
(804, 'Carpobrotus glaucescens'),
(805, 'Liver'),
(806, 'Serrano pepper'),
(807, 'Malt vinegar'),
(808, 'Cornstarch'),
(809, 'Apple juice'),
(810, 'Australian desert raisin'),
(811, 'Coccinia grandis'),
(812, 'Extra virgin olive oil'),
(813, 'Peanut oil'),
(814, 'Artemisia princeps'),
(815, 'Falernum'),
(816, 'Cranberry juice'),
(817, 'Gruyre'),
(818, 'Crushed ice'),
(819, 'Buffalo meat'),
(820, 'Yarrow'),
(821, 'Japanese Nazuma salt'),
(822, 'Plectranthus'),
(823, 'Cubeb'),
(824, 'Italian Integrale flour'),
(825, 'Churchill strong white flour'),
(826, 'Chokecherry'),
(827, 'Grape'),
(828, 'Ribes'),
(829, 'Marsdenia australis'),
(830, 'Mitmita'),
(831, 'Pomelo'),
(832, 'Cumin'),
(833, 'Gum base'),
(834, 'Unsalted Butter'),
(835, 'Old Bay Seasoning'),
(836, 'Apple mint'),
(837, 'Duck legs'),
(838, 'Wheat'),
(839, 'Teriyaki sauce'),
(840, 'Enchilada sauce'),
(841, 'Cuttlefish'),
(842, 'Corn smut'),
(843, 'Carob tree'),
(844, 'Lemongrass'),
(845, 'Umeboshi'),
(846, 'Cola'),
(847, 'Sole'),
(848, 'Wholemeal flour'),
(849, 'Thai basil'),
(850, 'Acorn flour'),
(851, 'Ketchup'),
(852, 'Rue'),
(853, 'Canola'),
(854, 'Sea Bass'),
(855, 'Siraitia grosvenorii'),
(856, 'Breadfruit'),
(857, 'Palm oil'),
(858, 'Prawn'),
(859, 'Orecchiette'),
(860, 'Liqueur'),
(861, 'Wonton wrapper'),
(862, 'Sprouted wheat'),
(863, 'Anglerfish'),
(864, 'White Wings Blackberry Sponge Pudding'),
(865, 'Vetiver'),
(866, 'Blue cheese'),
(867, 'Emu Apple'),
(868, 'Meyer lemon'),
(869, 'Sesame oil'),
(870, 'Linseed oil'),
(871, 'Aframomum melegueta'),
(872, 'Frozen corn kernel'),
(873, 'Solanum betaceum'),
(874, 'Sugar paste'),
(875, 'Red Mulberry'),
(876, 'Farine de meule (T1100)'),
(877, 'Sweetener'),
(878, 'Eucalyptus dives'),
(879, 'Triticale'),
(880, 'King Arthur European-Style Artisan Bread Flour'),
(881, 'chopped green onions'),
(882, 'Red Bull'),
(883, 'Pasilla'),
(884, 'White Mulberry'),
(885, 'Southern Comfort'),
(886, 'Beef brain'),
(887, 'Soy Sauce'),
(888, 'Rice'),
(889, 'Trichosanthes cucumerina'),
(890, 'Malabathrum'),
(891, 'Ziziphus mauritiana'),
(892, 'Milk'),
(893, 'Pufferfish'),
(894, 'Lime wedge'),
(895, 'Olive oil'),
(896, 'Schlichte'),
(897, 'Yellowtail amberjack'),
(898, 'Nettle'),
(899, 'Stock Pigeon'),
(900, 'Bitter orange'),
(901, 'Natto'),
(902, 'Sa Cha sauce'),
(903, 'Urad'),
(904, 'Bouquet garni'),
(905, 'Wehani rice'),
(906, 'Gooseberry'),
(907, 'Chapati'),
(908, 'Habanero chili'),
(909, 'Akvavit'),
(910, 'Psyllium'),
(911, 'Trenette'),
(912, 'DDT'),
(913, 'Baker''s yeast'),
(914, 'Alpinia galanga'),
(915, 'Dandelion'),
(916, 'Seagram''s Seven Crown'),
(917, 'Wakame'),
(918, 'Ononis'),
(919, 'Woodruff'),
(920, 'Starch'),
(921, 'Ugli fruit'),
(922, 'Nopal'),
(923, 'Vaccinium vitis-idaea'),
(924, 'Okra'),
(925, 'Tanacetum balsamita'),
(926, 'Sulphite ammonia caramel'),
(927, 'Chili-garlic sauce'),
(928, 'Kulcha'),
(929, 'Rye'),
(930, 'Mee pok'),
(931, 'Pandanus'),
(932, 'Pickling salt'),
(933, 'Giant granadilla'),
(934, 'Scampi Shrimp'),
(935, 'Cabbage in Connecticut'),
(936, 'White Rum'),
(937, 'Fauxtato'),
(938, 'Jambul'),
(939, 'Guava juice'),
(940, 'Fruit punch'),
(941, 'Pork chop'),
(942, 'Cashew Slice'),
(943, 'Sambuca'),
(944, 'High fructose corn syrup'),
(945, 'Syzygium luehmannii'),
(946, 'Chile peppers'),
(947, 'Persian lime'),
(948, 'Jumbo Mushroom'),
(949, 'Spanish  Mackerel'),
(950, 'Ledum'),
(951, 'Myrica rubra'),
(952, 'Blackberry Brandy'),
(953, 'Capsicum'),
(954, 'Almond meal'),
(955, 'Dried currant'),
(956, 'Crescentia cujete'),
(957, 'Ground beef'),
(958, 'Thai green curry paste'),
(959, 'Huckleberry'),
(960, 'Gim'),
(961, 'Supreme  Squid'),
(962, 'Beef Cheek'),
(963, 'Ground mustard'),
(964, 'Fish'),
(965, 'Dubonnet'),
(966, 'Barley'),
(967, 'Vasaka'),
(968, 'Dry mustard'),
(969, 'Yellow onion'),
(970, 'Dijon mustard'),
(971, 'Domestic sheep'),
(972, 'Sour mix'),
(973, 'Juvenile Salmon'),
(974, 'Hops'),
(975, 'Guavaberry'),
(976, 'Kimchi'),
(977, 'Mirin'),
(978, 'Brazil Nut'),
(979, 'Cookie'),
(980, 'Conchiglie'),
(981, 'Water Chestnut'),
(982, 'Octopus'),
(983, 'Wild thyme'),
(984, 'Horse mackerel'),
(985, 'Arborio rice'),
(986, 'Salt'),
(987, 'Benedictine'),
(988, 'Green bean'),
(989, 'Peach schnapps'),
(990, 'Orange Liqueur'),
(991, 'Canadian flour'),
(992, 'Caper'),
(993, 'Rye whiskey'),
(994, 'Brown rice'),
(995, 'Masala'),
(996, 'Ris de veau'),
(997, 'Safflower'),
(998, 'Xanthan gum'),
(999, 'Bearberry'),
(1000, 'Celtuce'),
(1001, 'Olive'),
(1002, 'Doves Farm organic strong white flour'),
(1003, 'Teff'),
(1004, 'Italian 00 flour'),
(1005, 'Campaillou'),
(1006, 'Mangosteen'),
(1007, 'Black Cherry'),
(1008, 'Winter savory'),
(1009, 'Peach bitters'),
(1010, 'Sea beet'),
(1011, 'Carbonated orange drink'),
(1012, 'Stingray'),
(1013, 'Cassava'),
(1014, 'Sweet chilli sauce'),
(1015, 'Syzygium samarangense'),
(1016, 'Pulasan'),
(1017, 'Cream cheese'),
(1018, 'Ginseng'),
(1019, 'Common bean'),
(1020, 'Whipped topping'),
(1021, 'Creole seasoning'),
(1022, 'Senna'),
(1023, 'Lobster'),
(1024, 'Mabolo'),
(1025, 'Farina'),
(1026, 'Crisco'),
(1027, 'Radiatore'),
(1028, 'Lovage'),
(1029, 'Harissa'),
(1030, 'Common Tormentil'),
(1031, 'Carissa lanceolata'),
(1032, 'Venison'),
(1033, 'Ghee'),
(1034, 'Galliano'),
(1035, 'roasted garlic cloves'),
(1036, 'Ficus'),
(1037, 'Lump crabmeat'),
(1038, 'Reshteh'),
(1039, 'Greek yogurt'),
(1040, 'Mahlab'),
(1041, 'Sheep''s sorrel'),
(1042, 'Cardoon'),
(1043, 'Brussels sprout'),
(1044, 'Coptis'),
(1045, 'Crme frache'),
(1046, 'Stick'),
(1047, 'Pomegranate juice'),
(1048, 'Azuki bean'),
(1049, 'Hawthorn'),
(1050, 'Chartreuse'),
(1051, 'Tripe'),
(1052, 'White sapote'),
(1053, 'Shrimp'),
(1054, 'Sweet grass'),
(1055, 'Rice bean'),
(1056, 'Strawberry Tree'),
(1057, 'Sorb Apple'),
(1058, 'Malva'),
(1059, 'Gnetum gnemon'),
(1060, 'Salmon'),
(1061, 'Noilly Prat'),
(1062, 'Yemenite Citron'),
(1063, 'Unbleached All-purpose flour'),
(1064, 'Malay Apple'),
(1065, 'Bagoong Terong'),
(1066, 'lite soy sauce'),
(1067, 'Bunium persicum'),
(1068, 'Cudrania tricuspidata'),
(1069, 'Black bean and garlic'),
(1070, 'Bucatini'),
(1071, 'Rice noodles'),
(1072, 'Malthouse flour'),
(1073, 'Galangal'),
(1074, 'Beef tongue'),
(1075, 'Unbleached Bread Flour'),
(1076, 'Eucalyptus staigeriana'),
(1077, 'Centella asiatica'),
(1078, 'Red bell pepper'),
(1079, 'Ground round'),
(1080, 'Sweet potato'),
(1081, 'Pearl onion'),
(1082, 'Telfairia occidentalis'),
(1083, 'Ugni'),
(1084, 'Cucumber'),
(1085, 'Viburnum lentago'),
(1086, 'Austromyrtus dulcis'),
(1087, 'Cocoa butter'),
(1088, 'Enriched flour'),
(1089, 'Coffee liqueur'),
(1090, 'Madeira wine'),
(1091, 'Vitaceae'),
(1092, 'Snapping turtle'),
(1093, 'Mafaldine'),
(1094, 'Matsutake'),
(1095, 'Capparis mitchellii'),
(1096, 'Vietnamese coriander'),
(1097, 'King crab'),
(1098, 'Black-eyed pea'),
(1099, 'Sweet granadilla'),
(1100, 'Basella alba'),
(1101, 'Thimbleberry'),
(1102, 'Quassia'),
(1103, 'Sazerac Rye Whiskey'),
(1104, 'Bilimbi'),
(1105, 'Brown rice syrup'),
(1106, 'Egg'),
(1107, 'Saw Palmetto'),
(1108, 'Clary'),
(1109, 'Salumi'),
(1110, 'Tansy'),
(1111, 'Soy milk'),
(1112, 'Raw milk'),
(1113, 'Duck fat'),
(1114, 'Alfredo sauce'),
(1115, 'Mace'),
(1116, 'Garlic'),
(1117, 'Sunflower seed'),
(1118, 'Finger Lime'),
(1119, 'Bitters'),
(1120, 'Sheepberry'),
(1121, 'Margarita mix'),
(1122, 'All-purpose Flour'),
(1123, 'Potato'),
(1124, 'Pawpaw'),
(1125, 'Peanut butter fruit'),
(1126, 'Red snapper'),
(1127, 'Soft shell crab'),
(1128, 'Jerusalem artichoke'),
(1129, 'Horehound'),
(1130, 'Gum arabic'),
(1131, 'Jujube'),
(1132, 'Aprium'),
(1133, 'Apricot'),
(1134, 'Squash'),
(1135, 'Mango'),
(1136, 'Ornithogalum pyrenaicum'),
(1137, 'Limoncello'),
(1138, 'Kohlrabi'),
(1139, 'Clementine'),
(1140, 'Foglie d''ulivo'),
(1141, 'Chenopodium album'),
(1142, 'Curry Tree'),
(1143, 'Gluten'),
(1144, 'Radicchio'),
(1145, 'Fatty Tuna'),
(1146, 'Mincemeat'),
(1147, 'Sialagogue'),
(1148, 'Clamato'),
(1149, 'Terminalia catappa'),
(1150, 'Black Apple'),
(1151, 'Rubus parvifolius'),
(1152, 'Dried Scallop'),
(1153, 'Peychaud''s Bitters'),
(1154, 'Opuntia ficus-indica'),
(1155, 'Coconut milk'),
(1156, 'Chipotle'),
(1157, 'Savory'),
(1158, 'Organic Bread Flour'),
(1159, 'Kidney beans'),
(1160, 'Garlic scape'),
(1161, 'Felty germander'),
(1162, 'Duxelles'),
(1163, 'Dry Vermouth'),
(1164, 'Annatto'),
(1165, 'Gorgonzola'),
(1166, 'Beach plum'),
(1167, 'Raw Wheat Germ'),
(1168, 'Lemon juice'),
(1169, 'Ficus platypoda'),
(1170, 'Mimusops elengi'),
(1171, 'Monosodium glutamate'),
(1172, 'Corned beef'),
(1173, 'Atta flour'),
(1174, 'Yellow cake mix'),
(1175, 'T550 flour'),
(1176, 'Gelatin'),
(1177, 'Black Tiger Shrimp'),
(1178, 'Takaashi Crab'),
(1179, 'Carnaroli rice'),
(1180, 'Linguine'),
(1181, 'Basmati'),
(1182, 'Silver Buffaloberry'),
(1183, 'Nutritional yeast'),
(1184, 'Celosia'),
(1185, 'Crushed red pepper'),
(1186, 'Clam'),
(1187, 'Pepitas'),
(1188, 'Sauce'),
(1189, 'Stewed tomatoes'),
(1190, 'Wolfschmidt Kummel'),
(1191, 'Naranjilla'),
(1192, 'Green mint syrup'),
(1193, 'Bacon'),
(1194, 'Sel gris'),
(1195, 'Horsehair crab'),
(1196, 'Malt flavoring'),
(1197, 'Soda water'),
(1198, 'Common Fig'),
(1199, 'Apple'),
(1200, 'Budu'),
(1201, 'Pleiogynium timorense'),
(1202, 'Farro'),
(1203, 'Sliced fruit'),
(1204, 'Barley Malt Extract'),
(1205, 'Raspberry liqueur'),
(1206, 'Cruzan Rum'),
(1207, 'Luffa'),
(1208, 'Odium''s Irish cream flour'),
(1209, 'Tortiglioni'),
(1210, 'Pattypan squash'),
(1211, 'Strozzapreti'),
(1212, 'Table sugar'),
(1213, 'Marinade'),
(1214, 'Gaultheria hispida'),
(1215, 'Tomato pure'),
(1216, 'Cereal germ'),
(1217, 'Galia'),
(1218, 'Quince'),
(1219, 'Corn flakes'),
(1220, 'Star anise'),
(1221, 'Rutabaga'),
(1222, 'Tarragon'),
(1223, 'Jocote'),
(1224, 'Conopodium majus'),
(1225, 'Salvia'),
(1226, 'Fingerling potato'),
(1227, 'Aromatic bitters'),
(1228, 'Amaranth flour'),
(1229, 'Bacon'),
(1230, 'Smudge stick'),
(1231, 'Sweet pickle relish'),
(1232, 'Apios americana'),
(1233, 'Ataulfo'),
(1234, 'Lansium domesticum'),
(1235, 'Tea'),
(1236, 'Grape seed oil'),
(1237, 'Ananas'),
(1238, 'Cachaa'),
(1239, 'Citrus gracilis'),
(1240, 'John the Conqueror'),
(1241, 'Palm syrup'),
(1242, 'Chocolate liquor'),
(1243, 'Pen Shell  Clams'),
(1244, 'Chrysophyllum cainito'),
(1245, 'Fettuccine'),
(1246, 'Eugenia carissoides'),
(1247, 'Ham'),
(1248, 'Ice cube'),
(1249, 'Ficus coronata'),
(1250, 'Diospyros virginiana'),
(1251, 'Kahla'),
(1252, 'Suma root'),
(1253, 'Acmella oleracea'),
(1254, 'Lemon verbena'),
(1255, 'Winter squash'),
(1256, 'Watercress'),
(1257, 'Artemisia vulgaris'),
(1258, 'Baharat'),
(1259, 'Pumpkin pie spice'),
(1260, 'Centaurium'),
(1261, 'Berberis'),
(1262, 'Sirloin steak'),
(1263, 'Mostaccioli'),
(1264, 'Gherkin'),
(1265, 'Rooibos'),
(1266, 'Sparkling wine'),
(1267, 'Patchouli'),
(1268, 'Liquorice'),
(1269, 'Anchovy'),
(1270, 'Banana'),
(1271, 'Leucaena'),
(1272, 'Cajun seasoning'),
(1273, 'Cherimoya'),
(1274, 'Custard-apple'),
(1275, 'Milk thistle'),
(1276, 'Jalapeo'),
(1277, 'Wheat gluten'),
(1278, 'Lupinus mutabilis'),
(1279, 'Ti plant'),
(1280, 'Muscovado'),
(1281, 'Cod'),
(1282, 'Dorrigo Pepper'),
(1283, 'Greengage'),
(1284, 'Porcini Mushroom'),
(1285, 'Sambal'),
(1286, 'Oat bran'),
(1287, 'Cyprus Black Lava Salt'),
(1288, 'Watermelon'),
(1289, 'Tandoori masala'),
(1290, 'Buttered breadcrumbs'),
(1291, 'Salted Salmon'),
(1292, 'Muntries'),
(1293, 'Empire Apples'),
(1294, 'Seasoned salt'),
(1295, 'Almond flavored syrup'),
(1296, 'Surinam Cherry'),
(1297, 'Yellow Chartreuse'),
(1298, 'Choux pastry'),
(1299, 'Parsley'),
(1300, 'Date Palm'),
(1301, 'Mock Strawberry'),
(1302, 'Cow Parsley'),
(1303, 'Iwa Oyster'),
(1304, 'Bacardi Superior'),
(1305, 'Nungu Fruit'),
(1306, 'Euphrasia'),
(1307, 'Cocoa'),
(1308, 'Strawberry'),
(1309, 'Flour'),
(1310, 'Short ribs'),
(1311, 'Blueberry'),
(1312, 'Oat'),
(1313, 'Tatsoi'),
(1314, 'Thistle'),
(1315, 'Sweetbread'),
(1316, 'Mixed spice'),
(1317, 'Trichosanthes dioica'),
(1318, 'Ginger'),
(1319, 'Onion'),
(1320, 'Herring'),
(1321, 'Fishcake'),
(1322, 'Spearmint'),
(1323, 'Stout'),
(1324, 'Agnolotti'),
(1325, 'Tennessee whiskey'),
(1326, 'Shiitake'),
(1327, 'Meat analogue'),
(1328, 'Chervil'),
(1329, 'Passion flower'),
(1330, 'Cereal'),
(1331, 'Avocado'),
(1332, 'Kala Namak'),
(1333, 'Kaffir lime'),
(1334, 'Ritz Cracker'),
(1335, 'Button mushroom'),
(1336, 'Cellentani'),
(1337, 'Orange Flower Water'),
(1338, 'Labrador tea'),
(1339, 'Siu haau sauce'),
(1340, 'Saskatoon berry'),
(1341, 'Escolar'),
(1342, 'Beef'),
(1343, 'Eggnog'),
(1344, 'Applejack'),
(1345, 'Horse gram'),
(1346, 'Senna obtusifolia'),
(1347, 'Sodium bicarbonate'),
(1348, 'Lentil'),
(1349, 'Mant'),
(1350, 'White Wine'),
(1351, 'Cundurango'),
(1352, 'Salal'),
(1353, 'Grenadine'),
(1354, 'Chestnut flour'),
(1355, 'Italian 2 flour'),
(1356, 'Goat meat'),
(1357, 'Winged bean'),
(1358, 'Sapodilla'),
(1359, 'Jamaican Amber Rum'),
(1360, 'Cherry Brandy'),
(1361, 'Osake Kazu'),
(1362, 'Carp'),
(1363, 'dried thyme'),
(1364, 'Soy ice cream'),
(1365, 'Dried Apple'),
(1366, 'Melon'),
(1367, 'Cornmeal'),
(1368, 'Salad Burnet'),
(1369, 'Kool-Aid'),
(1370, 'Boston butt'),
(1371, 'Evening Primrose'),
(1372, 'Rapini'),
(1373, 'Whole wheat flour'),
(1374, 'Garlic chives'),
(1375, 'Stock'),
(1376, 'Loganberry'),
(1377, 'White rice'),
(1378, 'Herb'),
(1379, 'Golden Root'),
(1380, 'Coca-Cola'),
(1381, 'Powdered sugar'),
(1382, 'Echinacea'),
(1383, 'Guava'),
(1384, 'Mantis shrimp'),
(1385, 'Ginger ale'),
(1386, 'Rapeseed'),
(1387, 'Scallop'),
(1388, 'Ficus sycomorus'),
(1389, 'Bisquick'),
(1390, 'Wasabi'),
(1391, 'Ajwain'),
(1392, 'Oregon-grape'),
(1393, 'Tomat'),
(1394, 'Rice paper'),
(1395, 'Vanilla extract'),
(1396, 'Demulcent'),
(1397, 'Acrotriche depressa'),
(1398, 'Asparagus'),
(1399, 'Aniseed myrtle'),
(1400, 'Jcama'),
(1401, 'Garcinia indica'),
(1402, 'Emmenagogue'),
(1403, 'Pappardelle'),
(1404, 'Oyster sauce'),
(1405, 'Saccharin'),
(1406, 'Allspice'),
(1407, 'Crawfish tails'),
(1408, 'Spaghettini'),
(1409, 'Billardiera cymosa'),
(1410, 'Tabil'),
(1411, 'Runner bean'),
(1412, 'Nectarine'),
(1413, 'Jamaican jerk spice'),
(1414, 'Hoja Santa'),
(1415, 'Candied fruit'),
(1416, 'Salvia hispanica'),
(1417, 'Orange Curacao'),
(1418, 'Artichoke Hearts'),
(1419, 'Golden Apple'),
(1420, 'Kobe beef'),
(1421, 'Eastern prickly pear'),
(1422, 'Durian'),
(1423, 'Jasmine'),
(1424, 'Maine apple smoked salt'),
(1425, 'Smoked paprika'),
(1426, 'Sake'),
(1427, 'Tofu'),
(1428, 'Vernonia'),
(1429, 'Afghan Spice Rub'),
(1430, 'Pork'),
(1431, 'Flounder'),
(1432, 'Feverfew'),
(1433, 'Apple Pucker'),
(1434, 'Golden syrup'),
(1435, 'Tabasco pepper'),
(1436, 'Pineapple'),
(1437, 'Berry'),
(1438, 'Vermouth'),
(1439, 'Purple Salsify'),
(1440, 'Schisandra'),
(1441, 'Mundu'),
(1442, 'Ricotta cheese'),
(1443, 'False-mastic'),
(1444, 'Hazelnut'),
(1445, 'Iburi-Jio Cherry salt'),
(1446, 'Cinchona'),
(1447, 'Summer Squash'),
(1448, 'Vodka'),
(1449, 'Rangpur'),
(1450, 'Miniature marshmallow'),
(1451, 'Sugar Syrup'),
(1452, 'Sageretia theezans'),
(1453, 'Shinkai deep sea salt'),
(1454, 'Chili paste'),
(1455, 'English mustard'),
(1456, 'Ziti'),
(1457, 'Billardiera longiflora'),
(1458, 'Beef tenderloin'),
(1459, 'Soybean oil'),
(1460, 'Culinary mustard'),
(1461, 'American cheese'),
(1462, 'Fennel Flower'),
(1463, 'Scilla'),
(1464, 'Tepary bean'),
(1465, 'Snapper'),
(1466, 'Tortellini'),
(1467, 'Wild leek'),
(1468, 'Calabash'),
(1469, 'Chili oil'),
(1470, 'Red fish'),
(1471, 'Cannelloni'),
(1472, 'Sorrel'),
(1473, 'Ground black pepper'),
(1474, 'Prune'),
(1475, 'Yellow pepper'),
(1476, 'Perilla'),
(1477, 'Chicory'),
(1478, 'Caerphilly cheese'),
(1479, 'Yoghurt'),
(1480, 'Leek'),
(1481, 'Italian sausage'),
(1482, 'Italian seasoning'),
(1483, 'Coconut'),
(1484, 'Cucurbita ficifolia'),
(1485, 'Sunflower oil'),
(1486, 'Cavatelli'),
(1487, 'Lima bean'),
(1488, 'Wild rice'),
(1489, 'Jateorhiza calumba'),
(1490, 'Malted milk'),
(1491, 'Hackberry'),
(1492, 'Zucchini'),
(1493, 'Armenian cucumber'),
(1494, 'Terminalia ferdinandiana'),
(1495, 'Vegetable fats and oils'),
(1496, 'Honeydew'),
(1497, 'Matsuba Crab'),
(1498, 'Yardlong bean'),
(1499, 'Peanut'),
(1500, 'Carrot'),
(1501, 'Seasoning'),
(1502, 'Cabbage'),
(1503, 'Chrysobalanus icaco'),
(1504, 'Rocky Mountain oysters'),
(1505, 'Croxetti'),
(1506, 'Sultana'),
(1507, 'Breadcrumb'),
(1508, 'Fruit'),
(1509, 'Cointreau'),
(1510, 'Poppy'),
(1511, 'Peach Brandy'),
(1512, 'Pork belly'),
(1513, 'Red Food Coloring'),
(1514, 'Honey Liqueur'),
(1515, 'Eleutherococcus senticosus'),
(1516, 'Kumquat'),
(1517, 'Pepper'),
(1518, 'Mayonnaise'),
(1520, 'mushroom flavored dark soy sauce'),
(1521, 'Scallions'),
(1522, 'Russet Burbank potato'),
(1523, 'Crescent roll'),
(1524, 'Instant espresso powder'),
(1525, 'Tasmannia'),
(1526, 'Mizuna'),
(1527, 'Spelt'),
(1528, 'Thyme'),
(1529, 'Wolfberry'),
(1530, 'Bran'),
(1531, 'Pineapple Verbena'),
(1532, 'Giant Eel'),
(1533, 'Prosecco'),
(1534, 'Cinnamon stick'),
(1535, 'Spelt flour'),
(1536, 'Emmer flour'),
(1537, 'Broccoli'),
(1538, 'Anago'),
(1539, '7 Up'),
(1540, 'Seaweed'),
(1541, 'Jam'),
(1542, 'Triple sec'),
(1543, 'Rubus probus'),
(1544, 'Salmon Roe'),
(1545, 'Tartaric acid'),
(1546, 'Garlic chives'),
(1547, 'Lime Leaf'),
(1548, 'Yeast'),
(1549, 'Cool Whip'),
(1550, 'Cashew Juice'),
(1551, 'Pizza dough'),
(1552, 'Medium Rye flour'),
(1553, 'salted butter'),
(1554, 'Wine'),
(1555, 'Ricotta forte'),
(1556, 'Jiaogulan'),
(1557, 'Oyster'),
(1558, 'Chinese cabbage'),
(1559, 'Coccoloba uvifera'),
(1560, 'Bay Laurel'),
(1561, 'Sugar-apple'),
(1562, 'Tilapia'),
(1563, 'Scorpionfish'),
(1564, 'Cashew'),
(1565, 'Eel'),
(1566, 'Tuna'),
(1567, 'Yukon Gold potato'),
(1568, 'Valencia orange'),
(1569, 'Mud'),
(1570, 'Adobo sauce'),
(1571, 'Apricot brandy'),
(1572, 'Light Rye flour'),
(1573, 'Sucking pig'),
(1574, 'Quick-cooking oat'),
(1575, 'Eucalyptus olida'),
(1576, 'Wheat germ oil'),
(1577, 'Banana liqueur'),
(1578, 'Stellaria'),
(1579, 'Brown sugar'),
(1580, 'Cooking oil'),
(1581, 'Yeast'),
(1582, 'Tilapia'),
(1583, 'Bacardi rum'),
(1584, 'Anise'),
(1585, 'Buckwheat'),
(1586, 'Common Rue'),
(1587, 'Tinda'),
(1588, 'Berbere'),
(1589, 'Creme de Marrons'),
(1590, 'Fructose malabsorption'),
(1591, 'Campanelle'),
(1592, 'Whisky'),
(1593, 'Cantaloupe'),
(1594, 'Pennyroyal'),
(1595, 'dried Szechuan pepper'),
(1596, 'Halen Mon - Smoked Sea Salt'),
(1597, 'Lychee'),
(1598, 'Green bell pepper'),
(1599, 'Betel nut'),
(1600, 'Gomme syrup'),
(1601, 'Golden Rum'),
(1602, 'Lemon disk'),
(1603, 'Crab Apples'),
(1604, 'Cellophane noodles'),
(1605, 'Sugar Cube'),
(1606, 'Celery salt'),
(1607, 'Burmese grape'),
(1608, 'Hominy'),
(1609, 'Acorn'),
(1610, 'Soy sauce'),
(1611, 'Ginkgo biloba'),
(1612, 'Absinth Wormwood'),
(1613, 'La Casera'),
(1614, 'Lapsi'),
(1615, 'Sweet Vermouth'),
(1616, 'Passion Fruit Syrup'),
(1617, 'Corn tortilla'),
(1618, 'Beef bouillon'),
(1619, 'Arrowroot'),
(1620, 'Dabberlocks'),
(1621, 'Fumaria'),
(1622, 'Sal Rosa de Maras'),
(1623, 'Cypriot lemon squash'),
(1624, 'Sesame seed'),
(1625, 'Corchorus'),
(1626, 'Mustard plant'),
(1627, 'Chia'),
(1628, 'Picon'),
(1629, 'Pumpkin'),
(1630, 'Poppy seed'),
(1631, 'Mint leaf'),
(1632, 'Anellini'),
(1633, 'Carpano'),
(1634, 'Zhug'),
(1635, 'Self-rising flour'),
(1636, 'Marshmallow'),
(1637, 'Farfalle'),
(1638, 'Lemon mint'),
(1639, 'Greater burdock'),
(1640, 'Sea lettuce'),
(1641, 'Syzygium fibrosum'),
(1642, 'Drambuie'),
(1643, 'Green Peppercorn'),
(1644, 'Chili pepper'),
(1645, 'Hordeum'),
(1646, 'Serviceberry'),
(1647, 'Pastis'),
(1648, 'Parmigiano Reggiano'),
(1649, 'Herbsaint'),
(1650, 'Half and half'),
(1651, 'Haddock'),
(1652, 'Bell pepper'),
(1653, 'Cornish sea salt'),
(1654, 'Sumac'),
(1655, 'African cherry orange'),
(1656, 'Oaxaca cheese'),
(1657, 'Orangelo'),
(1658, 'Coarse sea salt'),
(1659, 'Ilama'),
(1660, 'Damiana'),
(1661, 'Back bacon'),
(1662, 'Red bush apple'),
(1663, 'Casuarina'),
(1664, 'Recado rojo'),
(1665, 'Canna'),
(1666, 'Anise seed'),
(1667, 'Horsetail'),
(1668, 'Turkey meat'),
(1669, 'Ground chuck'),
(1670, 'Pleurotus eryngii'),
(1671, 'Cake Mix'),
(1672, 'Cayenne pepper'),
(1673, 'dark soy sauce'),
(1674, 'Lemon Aspen'),
(1675, 'grated cheddar'),
(1676, 'Cognac'),
(1677, 'Lamb brain'),
(1678, 'Aguni Koshin Odo salt'),
(1679, 'Boysenberry'),
(1680, 'Chrysanthemum'),
(1681, 'Liebfraumilch'),
(1682, 'Atlantic Spanish mackerel'),
(1683, 'Mozzarella'),
(1684, 'Saffron salt'),
(1685, 'Black peppercorn'),
(1686, 'Horseradish'),
(1687, 'Grated cheese'),
(1688, 'Chom pu'),
(1689, 'pickled peppercorns'),
(1690, 'Molasses'),
(1691, 'Flat leaf Parsley'),
(1692, 'Pistachio'),
(1693, 'Chestnut'),
(1694, 'Macadamia nut'),
(1695, 'Buknu'),
(1696, 'Black Truffle salt'),
(1697, 'Steel-cut oats'),
(1698, 'Brine'),
(1699, 'Podocarpus elatus'),
(1700, 'English organic wholemeal flour'),
(1701, 'Ako Arashio salt'),
(1702, 'Longan'),
(1703, 'Vanilla essence'),
(1704, 'McIntosh'),
(1705, 'Hpnotiq'),
(1706, 'Straight flour'),
(1707, 'Dovyalis hebecarpa'),
(1708, 'Wood Avens'),
(1709, 'Gypsywort'),
(1710, 'Billardiera scandens'),
(1711, 'Wheatberries'),
(1712, 'Plectranthus amboinicus'),
(1713, 'Century egg'),
(1714, 'Raisin'),
(1715, 'Tempeh'),
(1716, 'Holly'),
(1717, 'Himalayan pink salt'),
(1718, 'sel gris de I''lle de Noirmoutier'),
(1719, 'Glechoma hederacea'),
(1720, 'Red Wine'),
(1721, 'Noodle'),
(1722, 'Mung bean'),
(1723, 'Avena'),
(1724, 'Honeysuckle'),
(1725, 'Maldon sea salt'),
(1726, 'Emmer'),
(1727, 'Guarana'),
(1728, 'Comfrey'),
(1729, 'WKD Original Vodka'),
(1730, 'Farine de seigle'),
(1731, 'Dark Rye flour'),
(1732, 'Bread Flour'),
(1733, 'Demerara'),
(1734, 'Broadleaf arrowhead'),
(1735, 'Vanilla'),
(1736, 'Paprika'),
(1737, 'Pomegranate'),
(1738, 'Tortilla'),
(1739, 'Yerba Buena'),
(1740, 'Tabasco sauce'),
(1741, 'Bass'),
(1742, 'Orange'),
(1743, 'Twinkie'),
(1745, 'American Mayapple'),
(1746, 'Stevia'),
(1747, 'White cake mix'),
(1748, 'Water'),
(1749, 'Southernwood'),
(1750, 'Hamo'),
(1751, 'Papaya'),
(1752, 'Wheat noodles');

-- --------------------------------------------------------

--
-- Table structure for table `likes`
--

CREATE TABLE IF NOT EXISTS `likes` (
  `fbid` varchar(20) DEFAULT NULL,
  `mealid` int(11) DEFAULT NULL,
  `likedon` timestamp NOT NULL DEFAULT CURRENT_TIMESTAMP ON UPDATE CURRENT_TIMESTAMP,
  KEY `fbid` (`fbid`),
  KEY `mealid` (`mealid`)
) ENGINE=MyISAM DEFAULT CHARSET=latin1;

--
-- Dumping data for table `likes`
--

INSERT INTO `likes` (`fbid`, `mealid`, `likedon`) VALUES
('1725380113', 9, '2012-04-16 00:36:20'),
('1725380113', 12, '2012-04-16 00:36:19');

-- --------------------------------------------------------

--
-- Table structure for table `meal`
--

CREATE TABLE IF NOT EXISTS `meal` (
  `mealid` int(11) NOT NULL AUTO_INCREMENT,
  `name` varchar(300) NOT NULL,
  `creator` varchar(20) NOT NULL,
  `madeon` timestamp NOT NULL DEFAULT CURRENT_TIMESTAMP ON UPDATE CURRENT_TIMESTAMP,
  PRIMARY KEY (`mealid`),
  KEY `creator` (`creator`)
) ENGINE=InnoDB DEFAULT CHARSET=latin1 AUTO_INCREMENT=1 ;

-- --------------------------------------------------------

--
-- Table structure for table `mealhasdrinks`
--

CREATE TABLE IF NOT EXISTS `mealhasdrinks` (
  `mealid` int(11) NOT NULL,
  `drinkid` int(11) NOT NULL,
  PRIMARY KEY (`mealid`,`drinkid`),
  KEY `drinkid` (`drinkid`)
) ENGINE=InnoDB DEFAULT CHARSET=latin1;

-- --------------------------------------------------------

--
-- Table structure for table `mealhasrecipes`
--

CREATE TABLE IF NOT EXISTS `mealhasrecipes` (
  `mealid` int(11) NOT NULL,
  `recipeid` int(11) NOT NULL,
  PRIMARY KEY (`mealid`,`recipeid`),
  KEY `recipeid` (`recipeid`)
) ENGINE=InnoDB DEFAULT CHARSET=latin1;

-- --------------------------------------------------------

--
-- Table structure for table `recipe`
--

CREATE TABLE IF NOT EXISTS `recipe` (
  `recipeid` int(11) NOT NULL AUTO_INCREMENT,
  `name` varchar(300) DEFAULT NULL,
  `instructions` text,
  `preptime` int(11) DEFAULT NULL,
  `cooktime` int(11) DEFAULT NULL,
  `dishid` int(11) NOT NULL,
  `creator` varchar(20) DEFAULT NULL,
  PRIMARY KEY (`recipeid`),
  KEY `dishid` (`dishid`),
  KEY `creator` (`creator`)
) ENGINE=InnoDB  DEFAULT CHARSET=latin1 AUTO_INCREMENT=47 ;

--
-- Dumping data for table `recipe`
--

INSERT INTO `recipe` (`recipeid`, `name`, `instructions`, `preptime`, `cooktime`, `dishid`, `creator`) VALUES
(1, 'Alex''s Easy Ice Cream', NULL, 225, NULL, 1059, NULL),
(2, 'Alex''s Scratch Brownies', 'These brownies come out great. Feel free to add more chocolate! Melt the butter and chocolate together, then add the sugar and salt. Finally mix in the flower. May need a little more cooking time at 180C depending on your oven.', 60, 25, 12, NULL),
(3, 'Apple Blackberry Sponge Pudding', 'Preheat oven to 200 degrees C / 180 for fan forced. Add sponge mix to mixing bowl, add egg, add 40ml water. Using electric mixer, beat on medium speed for 1 minute. Spread batter into 1-1.5L oven proof baking dish. Thinly slice apple and put on top of batter. Sprinkle sauce sachet evenly over the batter. Add 420ml of boiling water - no need to mix further. Bake for 30-35 minutes.\r\n\r\n', 10, 30, 2421, NULL),
(4, 'Arroz con pollo', 'Soften onions over medium heat in 1 T EVO. Add garlic, stirring over heat. Add basmati rice, stirring to combine. Add white wine, tomato, stock, saffron, 2 tsp of paprika, salt and pepper, and bay leaf. Stir and bring to a boil over medium heat. Cover and place in a 400 degree oven for 30 minutes. While the rice mixture is cooking, prepare the chicken by seasoning with salt and pepper. Brown in olvie oil over high heat in a large cast iron pan, in two batches. After chicken is finished browning, coat with remaining 2 tsp of paprika and cook for about a minute to cook the paprika. Remove rice mixture from oven to add peas and chicken. Stir the peas in the rice mixture and then add the chicken carefully on top. Cover and bake for 30-35 minutes until rice has softened and absorbed the liquid.\r\n', 45, 45, 1656, NULL),
(5, 'Baked Risotto with Asparagus, Spinach, and Sausage', 'Preparation: Peel and dice the onion into a small dice- about 1/4 inch. Grate nutmeg and parmigiano. Remove casings from the sausage and discard the casings. Cooking: Pre-heat oven to 400 degrees. Heat the dutch oven over medium flame for a few minutes. Add the olive oil, then the onion. Stir and then add the sausage, breaking up the sausage pieces with a wooden spoon as it cooks, for about 5 minutes or until sausage is nicely browned. Add the rice and combine well with onion and sausage. You want to coat the rice evenly with the oil and yummy pork fat. Add spinach and asparagus and stir. Add stock, and bring to a simmer. Stir in 1/2 cup of the cheese. Add salt and pepper and stir one last time. Now add the remaining 1/2 cup of cheese. Cover and put in oven for 35-40 minutes, until rice is soft but still very springy-- the rice will continue to cook for a while after you remove from the oven.\r\n', 15, 40, 905, NULL),
(6, 'Braised Brussels Sprouts with Bacon', 'Bring a large pot of water to a boil, ideally with a large mesh frying basket inside to pull your sprouts from the water. Trim off the bottom 1/8 inch or so of each sprout, and peel off the outer 2-3 leaves from each sprout--- these are too tough to eat. Cut about four slices of bacon into 1/2" strips. Take a large cast iron pan (eg. 14") or a heavy-bottom braising pan and place over medium heat. Brown the bacon in the pan, removing when its just crisp. Reserve in a bowl. Leave the drippings in the pan, and turn on high. Fill a very large bowl with ice and cold water and put in your sink. You''ll use this to shock the sprouts after briefly cooking them in boiling water. Once the water has come to a boil, place the sprouts in the water or in the basket. Cook until almost tender, but still very firm, about 3-4 minutes. Cut one in half to test firmness, and bite into it. It should still taste a little raw. Pull the sprouts from the water, e.g, in your basket, and immerse in your ice bath, for a few minutes, until cold. Drain well and towel off. Turn the heat on the cast iron pan to high. When the pan starts to smoke, gently toss the sprouts in the pan, trying to get as little water in the pan as possible. Toss in the pan well, to even coat with oil-- you should get some nice blackening on some parts of the sprouts. Cook for 2-3 minutes over high heat. Add chicken stock to the pan and reduce, for a few minutes until the sprouts are firm but tasting like they are done and the stock is reduced till there are a few tablespoons left-- it should start to thicken up a bit, forming an emulsion with the bacon drippings. Finish with 1 Tablespoon EVO and salt and pepper.\r\n', 15, 15, 2104, NULL),
(7, 'Braised Shortribs', 'Debone the shortribs if needed, cutting them into approximately 1.5 inch cubes. These will be very well marbled, even fatty pieces of meat. Trim off excess silver-skin and large external pieces of meat. To brown the meat, first coat all sides with an even sprinkling of black pepper and kosher salt. Heat a large cast iron pan over high heat for several minutes, until starting to smoke. Add 1 Tbs of canola oil. Working in batches that fit inside the frying pan, brown the meat on all sides, then put on a sheet pan lined with paper towels to rest. For additional batches, you won''t need more oil because the fat from the ribs will accumulate in the pan. Wet and wring out a large enough pieces of cheese cloth to extend beyond the sides of the Dutch oven you''ll use for the meat. You need a dutch oven large enough to hold the meat in 1-2 layers, ideally 1. Use the same one you made the red wine reduction in, if possible. Add the sliced carrots, diced onions, and parsley sprigs to the red wine reduction in the dutch oven. Then cover with the cheese cloth, to create a nest for the meat. Gently place the meat in the cheesecloth nest, and cover the meat with the cloth. Add enough beef or veal stock to cover the meat. Your meat should still be covered nicely by the cheese cloth. Bring to a simmer over medium heat, then cover and place in 350 degree oven for about 2 hours until the meat is extremely tender. Once the meat is done, remove the cheese cloth nest with meat enclosed, allow meat to rest in a large bowl or sheet pan. Scoop out the large solids from the remaining sauce and then strain in a chinois. In a heatproof container, place the meat and cover with the sauce, so the meat is covered. Allow to cool, cover and refrigerate for 1-3 days. This allows the sauce to permeate meat. On serving day prepare your vegetables. Peel and trim the carrots as needed. Cut fingerlings in half lengthwise if they are much bigger than your thumb. Cut the tops and bottoms from the pearl onions. Heat about 1/2 gallon of water to a boil, add some garlic cloves, thyme sprigs, and bay leaf for flavoring. Blanch the carrots and then the fingerling potatoes in this water, til still firm, and then shock in ice water. For pearl onions, cook for about 10 minutes in the boiling water mixture, then shock in ice water. Then, you''ll need to peel the skin from them-- I make a cut lengthwise through the outer layer of skin, and then peel the onion. Slice the button mushrooms, and saute in a hot cast iron pan with butter until browned and cooked. Slice the bacon into 1/2 pieces, and roast on a sheet pan in 350 oven till just crisp. Drain and let cool. To serve, take the beef and sauce mixture out of the refrigerator a few hours ahead of time to bring to room temperature, Carefully scoop the meat out and reserve. Place the sauce in a heavy bottom sauce pot or dutch oven, and reduce to a few cups over high heat. Add the meat back in, and the cooked vegetables. Check seasonings, adding salt and pepper as needed. Add a few tablespoons of chopped parsely. Warm the bacon in the oven. Serve in warm shallow bowls, topped with a few bits of bacon and a touch of chopped parsley.\r\n\r\n', 180, 180, 327, NULL),
(8, 'Brine', 'Zest the lemons with a vegetable peeler, and then juice them. Combine zest and juice with all other ingredients in a large pot and bring to a boil. Let cool before you put your meat into it. This recipe is enough brine for 2 chickens @ 2.5 pounds.\r\n', 10, 15, 2422, NULL),
(9, 'Broccoli Raab Pasta', 'Bring a large pot of liberally salted water to a boil. Meanwhile, wash and chop your broccoli raab, chopping into approximately 3/4 inch pieces. When your water reaches a rolling boil, dump in the broccoli raab. Cook until tender. Start the sausage cooking as the broccoli raab cooks. Remove casing from the sausage and discard. Cook the sausage over medium heat, in a heavy-bottomed pot, e.g, a Le Creuset enameled cast iron pot. Break up the sausage into pieces with a wooden spatula, as it cooks. Cook till done. When the broccoli raab is very tender, fish it out with a netted spoon, and place in the pot with the sausage. Cook over medium heat, breaking up the raab as much as you can. You want the raab to be falling apart by the time you add your pasta. Let the water reach a boil again, and then add the orechiette. Cook for about 5-8 minutes, but still very firm. It will cook more in the sausage pot. Transfer the pasta to the sausage and broccoli raab pot, stirring constantly over medium heat. Gradually add the chicken stock, to create a sauce to hold the pasta and broccoli together. When the pasta is cooked, at the grated parmigiano, salt and pepper to taste, and serve in shallow bowls.\r\n', 15, 15, 2423, NULL),
(10, 'Butternut Squash Risotto', 'Pre-heat oven to 450 degress. Peel the butternut squash, then cut in half length wise. Scrape the seeds and surrounding goo with a spoon and discard. Chop the squash into 3/4-inch squares. Season with salt and pepper, and add about 2 TBS olive oil. Spread onto two half-sheet pans. Roast in oven for about 20 minutes total, turnign the squash cubes with a spatula about half way through cooking to brown more than one side. Keep warm while making your risotto. Heat your stock in a pan, and keep it simmering while making the risotto. For the risotto, soften the onion in 2 TBS of EVO over medium heat, about 3 minutes. Add garlic, stirring for about 30 seconds. Add rice and stir for about 30 seconds to coat with oil. Hit it with some white wine to stop the cooking. Add about 3/4 to 1 cup of hot stock at a time to the risotto. Stir over medium to high heat, until about half of the new stock evaporates. Repeat until risotto is almost tender. Add a final 3/4 cup of stock, stir, then add cheese and 1 TBS EVO and 2 TBS butter. Taste for seasoning, adding salt and pepper as needed. Add about 3/4 of the warmed butternut squash to the risotto, incorporating gently with a large spoon. Serve in hot bowls, topping with reserved cubes of squash and additional grated cheese.\r\n', 15, 45, 905, NULL),
(11, 'Cajun Roux', 'Pronounced "roo", Roux is traditionally an equal blend of Flour and Oil. Used as the base for many Cajun and Creole recipes. Heat the oil in a large cast iron skillet on medium. Beginners should start on medium low until you''re successful with not burning it and creating small pieces of black bits of flour, yuck! Once the oil is hot, add flour and begin stirring slowly and constantly since Roux has a tendancy to burn quickly. (some smoke is normal since you are technically slowly burning and darkening the flour with hot oil) Never stop stirring. If the Cajun Roux sits in one spot for too long, it will burn. If your roux burns, toss it out and start over. A light roux should be the color of a Manila Folder with a slight brownish tint beyond the white color of flour. A dark roux (Traditional) should be the color of saddle leather brown, which can take up to 20 mins.\r\n', 1, 20, 2424, NULL),
(12, 'Capcay', NULL, NULL, NULL, 792, NULL),
(13, 'Chocolate Chip Cookies', 'Put oven rack in middle position and preheat oven to 375. Whisk together flour, baking soda, and salt in medium bowl. Beat together butter and sugars in a large bowl with a stand mixer (e.g., KitchenAid) at the highest speed for about 10 minutes. Break your eggs into a bowl and add them to the butter sugar mixture, and turn your mixer onto low speed, and then medium speed after the eggs get incorporated. Beat in the vanilla with the mixer. Add your flour a cp at a time, turning off the mixer and lower the bowl, when you add it. Turn it on low each time you add the flour, so the flour doesn''t fly out of the bowl. You want the mixer to just barely incorporate the flour. Don''t overmix, or else you''ll develop the gluten in the flour, making the cookies doughy. With a large rubber food scraper, incorporate your nuts and chips, a bit at a time. Measure out a bunch of sheets of parchment paper for your sheet pans, or use a silpat. Scoop about 1/4 cup of the batter for each cookie, form into a largish golf ball with your hands, arranging 8 per sheet, in a 2, 1, 2, 1, 2 pattern from top to bottom, to maximize distance between the cookies. Sprinkle a few crystals of course sea salt (fleur de sel if you have it) on each mound. Then, flatten each mound just a little with a barely moistened palm. Bake, 1 sheet at a time until golden, about 12 minutes. Turn the sheet pan 180 degrees about 6 minutes into the bake, for even cooking. Remove from oven when done, let sheet pan sit on a cooling rack for about 2-3 minutes so cookies can cool slightly. Then, with a metal spatula, transfer cookies to the cooling rack and allow to cool. While the cookies are baking, form the mounds for your other sheet pans. It''s better if you don''t re-use the sheet pan for this bake, because you want it to be at room temp when you add the cookie mounds to it, else the mounds will melt and you will be sad.\r\n', 30, 60, 2322, NULL),
(14, 'Chocolate Covered Peanut Butter Balls', 'Combine peanut butter, sifted powdered sugar, and peanut butter in a large mixing bowl. Use a Kitchen-Aid with paddle attachment, if you have one. Form into balls less than 1 inch in diameter. Place in rows on a sheet pan, and put the pan in the freezer for the balls to freeze. Roughly chop 3/4 pound of the chocolate, and finely choped 1/4 pound. Temper your chocolate by heating the roughly chopped 3/4 pound in a pyrex or metal bowl over a pot of simmering water on the stove. When half of the chocolate has melted remove the bowl from the simmering water, and stir until the other half melts. Put back on the heat, bring up to 115 degrees, no more than 120 degrees. Remove from heat. Then add the finely chopped portion, stir until the chocolate cools to 82 degrees, stirring constantly with a rubber food scraper. Working quickly so your chocolate temperature doesn''t drop below xx, dip each peanut butter ball in the chocolate then roll immediately in the chopped peanuts. Place in paper cups. If the chocolate starts to harden in the bowl, put the bowl back over the simmering water, melt the chocolate, then remove from heat, and stir until the chocolate reaches 82 degrees.\r\n', 120, 60, 1967, NULL),
(15, 'Country Sourdough Bread', 'Feed your starter 2-3x per day for 1-2 days prior to mixing. I use about a 2x build, each time, with the last feed about 9 hours before mixing. I think anywhere between 5-9 hours works. 11 oz of flour, 11 oz of 69 degree water. If you''ve been using the starter at least weekly, then feeding it twice before you use it will be fine. Combine all ingredients in a mixing bowl for your stand mixer, putting the water and sourdough in the bowl before the flour-- otherwise some of the flour might get stuck on the bottom. With the paddle attachment, mix on low speed for 5 minutes. Rest for 10 minutes to allow glutens to relax and salt to dissolve. While the dough is resting, switch to the dough hooks. Mix for about 5-10 minutes on medium speed with the paddle attachment-- and the dough should look very stretchy, and start to cling to the paddle. Once the dough has firmed up enough that it no longer clings to the sides of the bowl, you''ll need to hold the mixer down. Start mixing on highest speed for 3-5 minutes more. It should be a fairly solid mass before you take it out of the mixer. You want the glutens to develop as much as possible to make it easier to shape the dough and to give the dough enough oven spring to rise in the oven. Dough should be extremely stretchy and satiny. You should be able to pull it thin so you can just about see through it. Wet your hands while doing this, so the dough doesn''t stick. Your dough temperature should be about 78 degrees. That''s what you''re aiming for. Put the dough into an oiled bowl or rectangular container-- it should come out as a single lump, with little to no dough remaining in the mixing bowl. Cover with a lid and let rise for 3 hours, at about 78 degrees. I cover with a thick towel to help keep the heat in. Midway through the rise, turn the dough: fold the sides of the dough over onto its center, from all four sides. You will likely need an external heat source to keep the dough that warm. After the turn, I use a heating pad on its lowest setting, covering the dough container with a towel, to keep the heat in. Dump the dough out onto counter, and divide in two. Roughly shape the dough with your bench knife. Use a little white flour to prevent sticking. Cover with couche for 15-20 minutes. Do the final shaping with a rocking motion of your two hands. Invert the boule into a floured banneton-- use whole wheat and semolina flour because of the coarse grains and low glutens. Cover with plastic shower caps (the kind you get from a hotel) and place in your refrigerator at about 40 degrees for about 10 hours. Heat oven to 500 degrees with two pizza stones side by side. Cast iron pans underneath for steaming water. Remove dough from your retarder just before baking. Invert baskets onto floured peel, cut with lame, and slide onto each stone. When both loaves are in oven, pour about 2 cups of boiling water onto one of the cast iron pans, wait 3-5 minutes, then do again in the other pan. After 30 minutes more, turn the loaves 180 degrees to get more even cooking. Remove after about 35-40 minutes, when they are nice and dark and look slightly to almost burnt and sound hollow when tapped. Let cool on racks. Brush off the flour with some kind of firmly bristled brush. Slice and eat with some Irish butter.\r\n', 60, 45, 2425, NULL),
(16, 'Crepes', 'In a bowl, beat eggs with a whisk, then beat in the milk. Add the flour and mix well until smooth. Add melted butter, sugar, and salt to the batter and mix well. Consistency should be similar to that of heavy cream. Heat a heavy-bottom crepe pan over medium heat until just starting to smoke, about 5-10 minutes, coat lightly with butter. Spread about 4 ounces of batter in concentric circles with spreading tool. Flip after about 1.5 to minutes, then cook for another minute or two.\r\n', 5, 3, 473, NULL),
(17, 'Duck Confit', 'The day before you want to make the duck, prepare the green salt and rub into the duck legs. In your mini-prep, grind the salt, bay leaves, thyme, parsley and pepper corns, until its a bright green salt, all big chunks broken down. Rinse the duck legs in cold water, drain, and pat dry. Use about 1 tablespoon of salt per leg, rubbing into the skin and flesh. Place legs in a pyrex dish large enough to hold them in a single layer, cover tightly with plastic, and refrigerate 24 horurs. Preheat your oven to 190-- use a calibrated oven thermometer to make sure you''ve got the correct temperature. Rise the legs under cold water and pat dry with paper towels. Layer them in a single layer in a large ovenproof pot with lid--e.g, a Le Creuset dutch oven. Pour melted fat over the legs so that they are covered. Warm the pot over medium heat to warm the fat, then place in oven for about 10 hours. After 10 hours check to see if the meat is tender and falling off the bone. If not, cook for another 1-2 hours. Let legs cool in the fat. Once cooled, carefully lift with a metal spatula out of the fat and rest on sheet pans. Strain the fat in a fine mesh strainer or chinois. Place legs in a container just big enough to hold in one layer (they will have shrunk while cooking). Cool the fat in the refrigerator in a clear, tall container, so the juices settle as a gel in the bottom. Spoon the fat out, and gently warm in a heavy bottom pan over low heat until just liquified. Spoon the barely fat over the legs, so that none of the meat is exposed. Cover and refrigerate or freeze. You can keep them frozen like this for months, or in the refrigerator for several weeks or few months. To serve, pull the container from the refrigerator or freezer long enough to warm to room temperature. Then, warm the container to 190 degrees in a 190 degree oven, carefully lift the legs from the fat, and sear the legs in a hot skillet, skin side down for a few minutes until the skin is a rich brown color. Serve over lentils, brussells sprouts, or whatever your preparation.\r\n', NULL, NULL, 443, NULL),
(18, 'Emeril Lagasse Chicken Marsala', NULL, NULL, 20, 928, NULL),
(19, 'Fettuccine Alfredo', 'Bring a large pot of water to a boil. Meanwhile, prepare the pancetta by cutting into 1/2 inch slices. Brown for several minutes in a fry pan, and remove from the pan to cool. Prepare the sauce by bringing the cream and butter to a boil, then reduce heat to low. Drop your pasta in the boiling water. While it''s still pretty firm, drop peas in the boiling water to cook with the pasta. Add a cup of pasta water to your sauce pan. You are making an emulsion of the water, cream, and butter. Cook the peas and pasta for a minute, then drain both, and add to cream sauce. Over low heat, incorporate the pasta and peas into the cream sauce, using tongs, a spoon, and some flips of the pan. Once the pasta is al dente, and the sauce has coated the pasta, add the pancetta and stir. Season with salt and pepper, add the cheese and combine well. Serve it up.\r\n', 5, 30, 923, NULL),
(21, 'Foie Gras Pasta', 'Put a large pot of water on high heat to a rolling boil. Drop your pasta into the water. Take a large fry pan and place on high heat. Add cream to the pan, and stir in the madeira wine. Heat until boiling, stirring occasionally. Reduce the madeira-cream mixture until it has thickened, and reduced to less than half of its volume. Reduce the high to medium-low. Take your room temperature foie-butter, and add 1 tablespoon at a time to the madeira cream, stirring constantly with a heat-proof spatula. Once all the foie has been incorporated, add the truffle oil gradually, stirring with the spatula. The mixture should be a hazelnut brown, thickened, and gently bubbling. Your pasta should be finished about now--it should still be very al denete. Drain well and then incorporate gradually into the cream mixture. You don''t want to change the temperature of the cream mixture suddenly, or else your emulsion will break. Give the pan a toss or two to help incorporate the pasta. Serve the pasta in shallow bowls, topping with truffling shavings.\r\n', 0, 20, 2426, NULL),
(23, 'Jeff''s Oatmeal-Raisin Cookies', 'Preheat oven to 375. Cream butter and sugars. Beat in eggs, one at a time. Add water and vanilla. Stir in salt and baking soda. Stir in flour. Add raisins and oatmeal. Drop onto greased cookie sheets. Bake for 8-12 minutes. Makes about 70 cookies.\r\n', NULL, 12, 14, NULL),
(24, 'Kwetiau', NULL, NULL, NULL, 2427, NULL),
(25, 'Mie Goreng', NULL, NULL, NULL, 129, NULL),
(26, 'Mom''s Gingerbread Re-invented', 'Combine the cup of brown sugar, molasses, ginger and egg. Add the other ingredients alternately with the milk. Save some of the chopped nuts for the top. Mix until blended. Pour into well-oiled 9X12 pan. Sprinkle the rest of the brown sugar and nuts on top. Bake at 375 for 30 minutes. You can also bake this in a solar oven, but it will take longer.\r\n', NULL, 30, 2428, NULL),
(27, 'Nasi Goreng', NULL, NULL, NULL, 1225, NULL),
(28, '''Ncrappiata alla martinese', NULL, NULL, NULL, 29, NULL),
(29, '''Ncrappiata classica', NULL, NULL, NULL, 29, NULL),
(31, 'Orbis Tertius', 'The name Orbis Tertius comes from a short story by Borges called Tln, Uqbar, Orbis Tertius. There is no fixed recipe, it is a blank canvas of Tortilla where the only necessary ingredients are Salsa Verde, Sour Cream, and a very runny fried egg. Mushrooms of various kinds, roasted green peppers, and even potatoes have been used. It was invented in the winter of 2008, and has been in continuous experimentation since then.\r\n', NULL, NULL, 2429, NULL),
(32, 'Pasta with Simple Tomato Sauce', '1. Heat the oil in a large frying pan over medium heat. Add the onion and cook, uncovered, stirring often, for 3 minutes or until it softens slightly. Add the garlic and cook, stirring, for 1 minute or until aromatic. 2. Stir in the tomatoes and tomato paste. Increase heat to high and bring to the boil. Reduce heat to medium and simmer, uncovered, stirring often, for 6-7 minutes or until the sauce reduces and thickens slightly. 3. Stir in the parsley and sugar. Taste and season with salt and pepper. 4. Meanwhile, cook the pasta in a large saucepan of salted boiling water following packet directions or until al dente. Drain and return to the pan. 5. Add the sauce to the pasta and toss to combine. Serve immediately.\r\n', 8, 15, 2430, NULL),
(34, 'Pisang Goreng', NULL, NULL, NULL, 770, NULL),
(35, 'Poached Egg over Potatoes Arugula and Smoked Trout', NULL, NULL, NULL, 2431, NULL),
(36, 'Quick Greek style lamb', 'Add oil, crushed cloves of garlic and roughly cut lamb chunks to a bowl. Add salt, pepper to taste. Add oregano, add some lemon juice. Mix by hand, cover, and leave to marinate until cooking. Heat frying pan to high heat. Add small amount of olive oil. Sear lamb until sealed (approx 3-5 minutes), turning frequently. Place pita into a dry frying pan, cook for two minutes. Place meat onto pita, top with a spoonful of greek yoghurt. Serve with half of a lemon.\r\n', 10, 15, 2432, NULL),
(38, 'Roast Chicken', 'Brine the chickens for 6-8 hours in a container large enough to hold the two chickens submerged in the brine. Remove from the brine about 1-2 hours before roasting and let drain on a cooling rack over a sheet pan. Arrange the chickens vertically, so the water drains from the cavity. Preheat your oven to 475 degrees F. After the chickens have dried and warmed a bit, dry them off thoroughly with a paper towel. Season the inside cavity of the chickens with kosher salt and black pepper. Truss the chickens with butcher''s twine. (See the video on www.chopandstir for the trussing technique). Season all sides of the chicken well with salt and pepper. Place two cast iron pans over high heat. Each pan should be about 10" in diameter. Once the pans start to smoke, add 1 tsp canola oil to each pan. Swirl the oil around by tilting the pan. Place each chicken in its own pan, so that the legs are facing the back of the stove, and the handles of the pan are positioned for you to put the pans in the oven. Sear the chickens over high heat for about 1 minute. Place the pans in the lower third of the oven. Roast for about 40 minutes, or until a thermometer inserted between the thigh and breast reads 155. The meat will continue to cook to about 160, after you remove the bird from the oven, as the heat continues to move inwards from the surface of the chicken. The skin should be a rich brown color, crispy to the touch. Let the chickens rest for about 5 minutes in a warm area, or under heat lamps. Remove the chickens to your cutting board. To each pan, add several sprigs of thyme. Then ladle in about 3/4 cup of hot chicken stock into each one. Put the pans over medium heat to loosen the browned pieces of stuff on the bottom of the pans, and stir a bit to incorporate into the stock. To prepare the chickens for serving, remove the trussing string. With a sharp knife, cut through the breast bone, down to one side of the back. Remove the back from the otherside of the chicken. Optionally, remove the breast bone, and separate the thigh from the hip socket. Plate the breast with attached wing, and the leg. Ladle the juices from the pan over the chicken.\r\n', NULL, NULL, 2182, NULL),
(40, 'Shirred Eggs Pancetta', NULL, NULL, NULL, 2433, NULL),
(41, 'Soto Babat', NULL, NULL, NULL, 787, NULL),
(42, 'Spicy Cauliflower with Anchovy', 'Prepare a large pot of water for boiling on high heat. Cut cauliflower into pieces, about 2 inches diameter. When water is at a rolling boil, add cauliflower, cooking for 3-5 minutes. It should still be tender when you remove. Shock in ice water for about 5 minutes, till cool. Drain well. Heat a medium frying pan over medium flame till hot. Pour in about 1 Tbs olive oil. Spread around pan by tilting the pan. Add crush red pepper, and cook for about 30 seconds, to diffuse the oils from the pepper. Add shallots, and saute for few minutes, until softened. Add garlic slices and cook for about 30 seconds. Garlic should not brown. Spoon out shallot and garlic mixture and set aside. In the same medium frying pan, over medium heat, add 1 Tbs olive oil. Pour in breadcrumbs. Flip breadcrumbs or stir them with a wooden spoon, to brown evenly. After they got some color, pour in the chopped anchovy. Cook mixture till anchovies are warm, and crumbs are deep golden brown. Remove pan from heat and put crumbs in a bowl to stop cooking. Keep warm. Heat a large cast iron pan over high heat, until smoking. Pour in about 1 Tbs olive oil, and tilt to spread the oil. Add the cauliflower, and flip and stir till nicely browned on most of the sides of the florets. As the cauliflower finishes cooking add little more olive oil and the slices of garlic. Cook garlic for about 20-30 seconds, adding chicken stock to stop cooking, and make a bit of a sauce for the cauliflower. Once most of the stock has evaporated, add capers, and cook for about 1 minute, to warm the capers, season with salt and pepper. Plate in warm bowls, topping with anchovy and bread crumb mixture.\r\n', 5, 20, 2128, NULL),
(43, 'Spicy Orange and Ginger Chicken', 'Preparation: Peel and mince the ginger and garlic. Combine the chunks of chicken with the minced garlic and ginger. Mix well with your hands, to infuse the flavors into the chicken. Stem and de-thread your snap peas. Dice the onion With a vegetable peeler, peel the orange-- try to get as little of the white pith as possible-- you want just the outer orange part. Take these peels orange and julienne them as finely as you can. Juice the orange. Combine the sauce ingredients in a small bowl: soy sauce, chicken stock, orange juice, orange zest, black bean and garlic paste, and corn starch. Cooking: Start heating about 2 gallons of water in large sauce pot, for your snap peas. While waiting for this to boil.... Heat your wok for about 10 minutes on the highest heat your oven has. If you have a special wok burner, you know what temp you need. Add the peanut oil, swirl around the wok. Add salt and pepper to the chicken and mix well with hands. Add the chicken mixture to the wok, and cook stirring occaionally, uncovered, until the chicken is lightly browned and almost cooked-- about 5 minutes. Remove the chicken from the wok. Place the snap peas in the boiling water for about 90 seconds, or until almost tender-- they should still be very green and crispy. Fish them out with a large slotted spoon or net device, and plunge into cold water for about 30 seconds or until cool. Drain and set aside. Heat your wok back up to fairly high, and 1 T peanut oil, add the red onions. Cook for about 2 minutes until just starting to brown, then arrest the cooking with shao xing rice wine, which also softens the onions. After about 2 more minutes, onions are transluscent. Add the crushed red pepper. Add the chicken back to the wok, combine with onions. Add the sauce mixture. Cook and stir for about one minute, until sauce starts to thicken. Add snap peas and stir. Finish with some salt, pepper, and sesame oil. Serve over steamed brown jasmine rice.\r\n', 15, 15, 2323, NULL),
(44, 'Thad''s Gumbo Recipe', NULL, 10, 45, 118, NULL);

-- --------------------------------------------------------

--
-- Table structure for table `restricted`
--

CREATE TABLE IF NOT EXISTS `restricted` (
  `dietid` int(11) NOT NULL,
  `ingredientid` int(11) NOT NULL,
  PRIMARY KEY (`dietid`,`ingredientid`),
  KEY `ingredientid` (`ingredientid`)
) ENGINE=InnoDB DEFAULT CHARSET=latin1;

--
-- Dumping data for table `restricted`
--

INSERT INTO `restricted` (`dietid`, `ingredientid`) VALUES
(12, 8),
(9, 12),
(12, 18),
(12, 27),
(9, 31),
(9, 35),
(12, 35),
(12, 42),
(9, 44),
(9, 47),
(9, 48),
(10, 48),
(9, 51),
(10, 51),
(9, 54),
(10, 54),
(9, 55),
(10, 55),
(9, 58),
(10, 58),
(9, 59),
(10, 59),
(12, 64),
(9, 70),
(10, 70),
(9, 72),
(10, 72),
(9, 76),
(10, 76),
(9, 81),
(10, 81),
(12, 87),
(9, 93),
(12, 100),
(9, 107),
(9, 112),
(10, 112),
(9, 117),
(12, 117),
(9, 119),
(10, 119),
(12, 124),
(9, 128),
(10, 128),
(9, 139),
(10, 139),
(12, 139),
(9, 140),
(12, 140),
(9, 144),
(12, 144),
(9, 148),
(10, 148),
(12, 149),
(9, 152),
(10, 152),
(9, 162),
(10, 162),
(9, 163),
(9, 170),
(9, 171),
(10, 171),
(9, 177),
(9, 181),
(10, 181),
(9, 182),
(10, 182),
(9, 184),
(10, 184),
(12, 184),
(9, 190),
(10, 190),
(9, 191),
(12, 191),
(9, 192),
(12, 192),
(12, 194),
(9, 197),
(10, 197),
(9, 198),
(9, 200),
(10, 200),
(9, 221),
(10, 221),
(9, 222),
(10, 222),
(9, 223),
(9, 225),
(10, 225),
(9, 231),
(10, 231),
(9, 234),
(10, 234),
(9, 238),
(9, 243),
(10, 243),
(9, 247),
(10, 247),
(9, 249),
(10, 249),
(9, 250),
(9, 253),
(10, 253),
(9, 255),
(12, 255),
(9, 258),
(10, 258),
(9, 260),
(9, 262),
(10, 262),
(12, 264),
(9, 273),
(12, 273),
(12, 274),
(9, 276),
(9, 277),
(10, 277),
(12, 277),
(9, 279),
(12, 287),
(9, 289),
(10, 289),
(9, 291),
(10, 291),
(9, 292),
(10, 292),
(12, 296),
(9, 300),
(10, 300),
(12, 300),
(9, 303),
(9, 309),
(9, 310),
(12, 310),
(9, 313),
(10, 313),
(9, 314),
(10, 314),
(12, 315),
(12, 318),
(9, 320),
(12, 320),
(9, 323),
(10, 323),
(12, 326),
(12, 341),
(9, 350),
(12, 350),
(9, 352),
(9, 357),
(9, 361),
(10, 361),
(9, 362),
(10, 362),
(9, 378),
(9, 382),
(10, 382),
(9, 398),
(10, 398),
(12, 404),
(9, 412),
(9, 420),
(10, 420),
(12, 424),
(9, 425),
(10, 425),
(12, 429),
(9, 433),
(10, 433),
(12, 436),
(12, 442),
(9, 444),
(12, 451),
(9, 471),
(10, 471),
(9, 472),
(10, 472),
(9, 479),
(9, 493),
(10, 493),
(9, 497),
(10, 497),
(9, 500),
(12, 500),
(12, 501),
(9, 502),
(10, 502),
(9, 505),
(9, 510),
(9, 513),
(10, 513),
(12, 513),
(9, 518),
(10, 518),
(12, 522),
(9, 532),
(9, 533),
(9, 540),
(10, 540),
(9, 550),
(12, 550),
(12, 560),
(9, 563),
(9, 564),
(12, 564),
(12, 567),
(9, 569),
(10, 569),
(12, 570),
(9, 571),
(9, 578),
(10, 578),
(9, 581),
(10, 581),
(12, 596),
(9, 603),
(12, 604),
(9, 606),
(12, 606),
(12, 609),
(9, 610),
(10, 610),
(9, 625),
(10, 625),
(9, 630),
(10, 630),
(9, 631),
(10, 631),
(9, 633),
(10, 633),
(9, 636),
(12, 636),
(12, 651),
(12, 652),
(9, 654),
(10, 654),
(9, 655),
(12, 659),
(9, 662),
(12, 662),
(9, 663),
(10, 663),
(12, 665),
(9, 671),
(12, 671),
(9, 679),
(12, 679),
(9, 682),
(10, 682),
(12, 691),
(9, 696),
(12, 697),
(12, 699),
(9, 701),
(10, 701),
(9, 703),
(10, 703),
(9, 709),
(10, 709),
(12, 715),
(12, 717),
(12, 718),
(9, 725),
(10, 725),
(9, 730),
(10, 730),
(12, 738),
(12, 744),
(9, 745),
(10, 745),
(12, 749),
(9, 751),
(9, 759),
(10, 759),
(12, 759),
(9, 761),
(10, 761),
(9, 780),
(10, 780),
(9, 783),
(12, 783),
(9, 785),
(10, 785),
(9, 788),
(10, 788),
(9, 790),
(10, 790),
(12, 799),
(9, 800),
(12, 800),
(12, 803),
(9, 805),
(10, 805),
(12, 807),
(9, 834),
(9, 837),
(10, 837),
(12, 838),
(12, 839),
(12, 840),
(9, 841),
(10, 841),
(9, 847),
(10, 847),
(9, 854),
(10, 854),
(9, 858),
(10, 858),
(12, 861),
(12, 862),
(9, 863),
(10, 863),
(9, 864),
(10, 864),
(9, 866),
(12, 866),
(12, 879),
(9, 886),
(10, 886),
(9, 892),
(9, 893),
(10, 893),
(9, 897),
(10, 897),
(9, 899),
(10, 899),
(12, 901),
(9, 902),
(10, 902),
(12, 907),
(9, 911),
(12, 911),
(12, 927),
(12, 928),
(12, 929),
(9, 934),
(10, 934),
(9, 937),
(9, 941),
(10, 941),
(9, 949),
(10, 949),
(9, 957),
(10, 957),
(9, 961),
(10, 961),
(9, 962),
(10, 962),
(12, 963),
(9, 964),
(10, 964),
(12, 966),
(9, 973),
(10, 973),
(9, 976),
(10, 976),
(9, 980),
(12, 980),
(9, 982),
(10, 982),
(9, 984),
(10, 984),
(12, 993),
(9, 996),
(10, 996),
(9, 1012),
(10, 1012),
(9, 1017),
(9, 1023),
(10, 1023),
(12, 1025),
(9, 1032),
(10, 1032),
(9, 1033),
(9, 1037),
(10, 1037),
(12, 1038),
(9, 1039),
(9, 1053),
(10, 1053),
(9, 1060),
(10, 1060),
(9, 1065),
(10, 1065),
(9, 1070),
(12, 1070),
(9, 1074),
(10, 1074),
(9, 1079),
(10, 1079),
(12, 1088),
(9, 1092),
(10, 1092),
(9, 1097),
(10, 1097),
(12, 1103),
(12, 1105),
(9, 1106),
(9, 1109),
(10, 1109),
(9, 1112),
(10, 1112),
(9, 1113),
(10, 1113),
(9, 1114),
(12, 1114),
(12, 1122),
(9, 1126),
(10, 1126),
(9, 1127),
(10, 1127),
(9, 1140),
(12, 1140),
(12, 1143),
(9, 1145),
(10, 1145),
(9, 1148),
(10, 1148),
(9, 1152),
(10, 1152),
(12, 1158),
(9, 1162),
(9, 1165),
(12, 1165),
(12, 1167),
(9, 1172),
(10, 1172),
(12, 1173),
(9, 1174),
(12, 1174),
(9, 1176),
(10, 1176),
(9, 1177),
(10, 1177),
(9, 1178),
(10, 1178),
(12, 1180),
(9, 1186),
(10, 1186),
(9, 1195),
(10, 1195),
(12, 1196),
(9, 1200),
(10, 1200),
(12, 1202),
(12, 1204),
(12, 1211),
(12, 1216),
(9, 1229),
(10, 1229),
(9, 1243),
(10, 1243),
(12, 1245),
(9, 1247),
(10, 1247),
(9, 1262),
(10, 1262),
(9, 1263),
(10, 1263),
(9, 1269),
(10, 1269),
(12, 1277),
(9, 1281),
(10, 1281),
(12, 1286),
(9, 1290),
(12, 1290),
(9, 1291),
(10, 1291),
(12, 1294),
(9, 1297),
(9, 1298),
(12, 1298),
(9, 1303),
(10, 1303),
(12, 1309),
(9, 1310),
(10, 1310),
(12, 1312),
(9, 1315),
(10, 1315),
(9, 1320),
(10, 1320),
(9, 1321),
(10, 1321),
(12, 1321),
(12, 1323),
(9, 1324),
(10, 1324),
(12, 1324),
(12, 1330),
(9, 1334),
(12, 1334),
(9, 1336),
(12, 1336),
(12, 1339),
(9, 1341),
(10, 1341),
(9, 1342),
(10, 1342),
(9, 1343),
(12, 1361),
(9, 1362),
(10, 1362),
(9, 1370),
(10, 1370),
(12, 1373),
(9, 1384),
(10, 1384),
(9, 1387),
(10, 1387),
(9, 1389),
(12, 1389),
(10, 1403),
(9, 1404),
(10, 1404),
(9, 1407),
(10, 1407),
(10, 1408),
(9, 1420),
(10, 1420),
(9, 1430),
(10, 1430),
(9, 1431),
(10, 1431),
(9, 1442),
(9, 1458),
(10, 1458),
(12, 1460),
(9, 1461),
(9, 1465),
(10, 1465),
(9, 1466),
(10, 1466),
(9, 1470),
(10, 1470),
(9, 1471),
(12, 1471),
(9, 1478),
(9, 1479),
(9, 1481),
(10, 1481),
(12, 1481),
(9, 1486),
(12, 1486),
(12, 1490),
(9, 1497),
(10, 1497),
(9, 1504),
(10, 1504),
(9, 1505),
(12, 1505),
(12, 1507),
(9, 1512),
(10, 1512),
(9, 1513),
(10, 1513),
(9, 1514),
(9, 1518),
(9, 1523),
(12, 1523),
(9, 1526),
(10, 1526),
(12, 1527),
(12, 1530),
(9, 1532),
(10, 1532),
(9, 1538),
(10, 1538),
(9, 1544),
(10, 1544),
(9, 1549),
(12, 1551),
(9, 1557),
(10, 1557),
(9, 1562),
(10, 1562),
(9, 1563),
(10, 1563),
(9, 1565),
(10, 1565),
(9, 1566),
(10, 1566),
(9, 1570),
(9, 1573),
(10, 1573),
(12, 1574),
(12, 1576),
(9, 1591),
(12, 1591),
(12, 1592),
(12, 1610),
(9, 1618),
(10, 1618),
(12, 1618),
(9, 1632),
(12, 1632),
(9, 1636),
(9, 1637),
(12, 1637),
(12, 1645),
(9, 1648),
(10, 1648),
(9, 1650),
(9, 1651),
(10, 1651),
(9, 1656),
(9, 1661),
(10, 1661),
(9, 1668),
(10, 1668),
(9, 1669),
(10, 1669),
(12, 1671),
(9, 1677),
(10, 1677),
(9, 1683),
(9, 1687),
(12, 1711),
(9, 1713),
(12, 1721),
(12, 1723),
(12, 1726),
(9, 1743),
(10, 1743),
(12, 1743),
(9, 1747),
(12, 1747),
(9, 1750),
(10, 1750);

-- --------------------------------------------------------

--
-- Table structure for table `usedin`
--

CREATE TABLE IF NOT EXISTS `usedin` (
  `recipeid` int(11) NOT NULL,
  `ingredientid` int(11) NOT NULL,
  PRIMARY KEY (`recipeid`,`ingredientid`),
  KEY `ingredientid` (`ingredientid`)
) ENGINE=InnoDB DEFAULT CHARSET=latin1;

--
-- Dumping data for table `usedin`
--

INSERT INTO `usedin` (`recipeid`, `ingredientid`) VALUES
(5, 23),
(2, 27),
(1, 28),
(2, 28),
(13, 28),
(16, 28),
(32, 28),
(8, 34),
(36, 34),
(10, 44),
(16, 44),
(19, 44),
(18, 46),
(19, 51),
(4, 53),
(32, 53),
(42, 80),
(43, 102),
(4, 160),
(5, 160),
(6, 160),
(7, 160),
(8, 160),
(9, 160),
(10, 160),
(13, 160),
(16, 160),
(17, 160),
(19, 160),
(42, 160),
(43, 160),
(23, 166),
(6, 171),
(31, 177),
(14, 213),
(31, 229),
(36, 249),
(5, 257),
(32, 299),
(8, 309),
(43, 312),
(4, 334),
(36, 336),
(14, 341),
(36, 357),
(15, 445),
(31, 469),
(19, 510),
(7, 536),
(8, 536),
(17, 536),
(44, 550),
(43, 559),
(2, 582),
(14, 582),
(10, 616),
(5, 629),
(19, 629),
(32, 651),
(13, 666),
(2, 711),
(23, 711),
(31, 711),
(32, 711),
(8, 712),
(13, 719),
(15, 738),
(4, 745),
(38, 745),
(43, 745),
(44, 745),
(32, 752),
(36, 752),
(26, 778),
(4, 796),
(10, 798),
(42, 798),
(43, 808),
(4, 812),
(5, 812),
(6, 812),
(10, 812),
(42, 812),
(43, 813),
(2, 834),
(13, 834),
(23, 834),
(17, 837),
(9, 859),
(3, 864),
(43, 869),
(27, 888),
(1, 892),
(16, 892),
(26, 892),
(32, 895),
(36, 895),
(4, 969),
(5, 969),
(7, 969),
(5, 985),
(10, 985),
(26, 986),
(42, 992),
(6, 1043),
(43, 1069),
(7, 1081),
(2, 1106),
(3, 1106),
(13, 1106),
(16, 1106),
(23, 1106),
(26, 1106),
(31, 1106),
(17, 1113),
(4, 1116),
(7, 1116),
(8, 1116),
(10, 1116),
(32, 1116),
(36, 1116),
(42, 1116),
(43, 1116),
(13, 1122),
(16, 1122),
(23, 1122),
(15, 1158),
(15, 1167),
(36, 1168),
(4, 1181),
(42, 1185),
(43, 1185),
(23, 1212),
(7, 1226),
(6, 1229),
(7, 1229),
(19, 1245),
(42, 1269),
(7, 1299),
(8, 1299),
(17, 1299),
(32, 1299),
(2, 1307),
(11, 1309),
(7, 1310),
(26, 1318),
(43, 1318),
(32, 1319),
(44, 1319),
(31, 1331),
(7, 1335),
(13, 1347),
(23, 1347),
(26, 1347),
(4, 1350),
(9, 1372),
(15, 1373),
(26, 1373),
(4, 1375),
(5, 1375),
(6, 1375),
(7, 1375),
(9, 1375),
(10, 1375),
(38, 1375),
(42, 1375),
(43, 1375),
(14, 1381),
(2, 1395),
(13, 1395),
(23, 1395),
(7, 1480),
(5, 1481),
(9, 1481),
(14, 1499),
(7, 1500),
(42, 1507),
(7, 1528),
(17, 1528),
(38, 1528),
(43, 1568),
(13, 1579),
(23, 1579),
(26, 1579),
(11, 1580),
(26, 1580),
(43, 1610),
(5, 1648),
(9, 1648),
(10, 1648),
(19, 1648),
(44, 1652),
(15, 1658),
(36, 1658),
(4, 1685),
(5, 1685),
(6, 1685),
(7, 1685),
(8, 1685),
(9, 1685),
(10, 1685),
(17, 1685),
(19, 1685),
(42, 1685),
(43, 1685),
(26, 1690),
(23, 1714),
(1, 1735),
(4, 1736),
(31, 1738),
(3, 1748),
(8, 1748),
(15, 1748),
(23, 1748),
(44, 1748);

-- --------------------------------------------------------

--
-- Table structure for table `userhas`
--

CREATE TABLE IF NOT EXISTS `userhas` (
  `fbid` varchar(20) NOT NULL,
  `ingredientid` int(11) NOT NULL,
  PRIMARY KEY (`fbid`,`ingredientid`),
  KEY `ingredientid` (`ingredientid`)
) ENGINE=InnoDB DEFAULT CHARSET=latin1;

-- --------------------------------------------------------

--
-- Table structure for table `users`
--

CREATE TABLE IF NOT EXISTS `users` (
  `fbid` varchar(20) NOT NULL,
  `firstname` varchar(100) NOT NULL,
  `lastname` varchar(100) NOT NULL,
  PRIMARY KEY (`fbid`)
) ENGINE=InnoDB DEFAULT CHARSET=latin1;

--
-- Dumping data for table `users`
--

INSERT INTO `users` (`fbid`, `firstname`, `lastname`) VALUES
('734235095', 'Johanna', 'Martens');

--
-- Constraints for dumped tables
--

--
-- Constraints for table `dish`
--
ALTER TABLE `dish`
  ADD CONSTRAINT `dish_ibfk_1` FOREIGN KEY (`categoryid`) REFERENCES `category` (`categoryid`);

--
-- Constraints for table `dishtocuisine`
--
ALTER TABLE `dishtocuisine`
  ADD CONSTRAINT `dishtocuisine_ibfk_3` FOREIGN KEY (`cuisineid`) REFERENCES `cuisine` (`cuisineid`),
  ADD CONSTRAINT `dishtocuisine_ibfk_1` FOREIGN KEY (`dishid`) REFERENCES `dish` (`dishid`),
  ADD CONSTRAINT `dishtocuisine_ibfk_2` FOREIGN KEY (`cuisineid`) REFERENCES `cuisine` (`cuisineid`);

--
-- Constraints for table `drink`
--
ALTER TABLE `drink`
  ADD CONSTRAINT `drink_ibfk_1` FOREIGN KEY (`drinktypeid`) REFERENCES `drinktype` (`drinktypeid`);

--
-- Constraints for table `meal`
--
ALTER TABLE `meal`
  ADD CONSTRAINT `meal_ibfk_1` FOREIGN KEY (`creator`) REFERENCES `users` (`fbid`);

--
-- Constraints for table `mealhasdrinks`
--
ALTER TABLE `mealhasdrinks`
  ADD CONSTRAINT `mealhasdrinks_ibfk_1` FOREIGN KEY (`mealid`) REFERENCES `meal` (`mealid`),
  ADD CONSTRAINT `mealhasdrinks_ibfk_2` FOREIGN KEY (`drinkid`) REFERENCES `drink` (`drinkid`),
  ADD CONSTRAINT `mealhasdrinks_ibfk_3` FOREIGN KEY (`drinkid`) REFERENCES `drink` (`drinkid`);

--
-- Constraints for table `mealhasrecipes`
--
ALTER TABLE `mealhasrecipes`
  ADD CONSTRAINT `mealhasrecipes_ibfk_1` FOREIGN KEY (`mealid`) REFERENCES `meal` (`mealid`),
  ADD CONSTRAINT `mealhasrecipes_ibfk_2` FOREIGN KEY (`recipeid`) REFERENCES `recipe` (`recipeid`);

--
-- Constraints for table `recipe`
--
ALTER TABLE `recipe`
  ADD CONSTRAINT `recipe_ibfk_2` FOREIGN KEY (`creator`) REFERENCES `users` (`fbid`),
  ADD CONSTRAINT `recipe_ibfk_1` FOREIGN KEY (`dishid`) REFERENCES `dish` (`dishid`);

--
-- Constraints for table `restricted`
--
ALTER TABLE `restricted`
  ADD CONSTRAINT `restricted_ibfk_1` FOREIGN KEY (`dietid`) REFERENCES `diet` (`dietid`),
  ADD CONSTRAINT `restricted_ibfk_2` FOREIGN KEY (`ingredientid`) REFERENCES `ingredients` (`ingredientid`),
  ADD CONSTRAINT `restricted_ibfk_3` FOREIGN KEY (`ingredientid`) REFERENCES `ingredients` (`ingredientid`);

--
-- Constraints for table `usedin`
--
ALTER TABLE `usedin`
  ADD CONSTRAINT `usedin_ibfk_1` FOREIGN KEY (`recipeid`) REFERENCES `recipe` (`recipeid`),
  ADD CONSTRAINT `usedin_ibfk_2` FOREIGN KEY (`ingredientid`) REFERENCES `ingredients` (`ingredientid`),
  ADD CONSTRAINT `usedin_ibfk_3` FOREIGN KEY (`ingredientid`) REFERENCES `ingredients` (`ingredientid`),
  ADD CONSTRAINT `usedin_ibfk_4` FOREIGN KEY (`recipeid`) REFERENCES `recipe` (`recipeid`),
  ADD CONSTRAINT `usedin_ibfk_5` FOREIGN KEY (`ingredientid`) REFERENCES `ingredients` (`ingredientid`),
  ADD CONSTRAINT `usedin_ibfk_6` FOREIGN KEY (`ingredientid`) REFERENCES `ingredients` (`ingredientid`);

--
-- Constraints for table `userhas`
--
ALTER TABLE `userhas`
  ADD CONSTRAINT `userhas_ibfk_1` FOREIGN KEY (`ingredientid`) REFERENCES `ingredients` (`ingredientid`),
  ADD CONSTRAINT `userhas_ibfk_2` FOREIGN KEY (`fbid`) REFERENCES `users` (`fbid`),
  ADD CONSTRAINT `userhas_ibfk_3` FOREIGN KEY (`fbid`) REFERENCES `users` (`fbid`);

/*!40101 SET CHARACTER_SET_CLIENT=@OLD_CHARACTER_SET_CLIENT */;
/*!40101 SET CHARACTER_SET_RESULTS=@OLD_CHARACTER_SET_RESULTS */;
/*!40101 SET COLLATION_CONNECTION=@OLD_COLLATION_CONNECTION */;
